4177347,Dag Bandeira
2564920,Aline (11)
4570285,CDPOINT
912331,Marino Pinto
4570286,Raphael Nikson
4570289,Luiger Lima
776447,Juquinha
286945,Roberto Carlos
4570283,Dennise Pontes
73394,Hal
869519,João Kibelkstis
869518,João Moreira
732879,Aizik Geller
732878,Joab
1902599,Lúcio Maia
4246864,Jaime Aklander
856641,G.R.E.S. Imperatriz Leopoldinense
856640,G.R.E.S. Império Serrano
732873,Vidal (4)
732871,Radamés Gnattali
732870,Hélio Capucci
732877,Altamiro Carrilho
732876,Sérgio Cabral
336606,Ivo Meirelles
732874,Nestor Vitiritti
69421,Arnaldo Antunes
2889547,Wilson Teodoro
3300768,Angela Herz
3632996,Tunico Ferreira
2724690,Emicida
521222,Enrico Simonetti
3282638,Sabatell
3764519,Diego Dedáblio
393406,Os Novos Baianos
1685215,Mario Bruno
3931896,José Luiz Pederneiras
1349313,Roberto Ramos
1349314,Ney Velloso
1349316,Getúlio Bezerra
452896,Cuca Teixeira
2154889,Ivã Oliveira
1345894,Zé Roberto
1345891,Eliseu
1345890,Luiz Claudio
2154882,Paulinho Caldas
2877218,Vanessa Stepanenko
2877219,João Castrioto
2154887,Marcos Trindade
2154886,Rogério Oliveira
1345899,Mano Décio Da Viola
1345898,Carlos Guarany
707160,Fernando Faro
707163,Maria Helena
2584586,Arthur Fróes
3282631,Laura de Santi
336608,Daniel Jobim
2425851,Don Salvador
2425850,Sebastiao Marinho
3045253,Artes Eletrônicas
1949985,Zé Carlos (5)
267767,Keith Harvey
4246863,José Roberto Aboim
2928653,Ivan Machado
1975319,Poly (7)
1894373,Wilson Meirelles
4246862,Conjunto /4
1894375,Jorge Barreto
465370,Guto Graça Mello
1428681,Toninho Geraes
4104489,Carlos Andrade (5)
3573624,Júlio Cézar
697995,Marlene (9)
486336,Lamartine Babo
4256506,Jorge Coutinho
3452447,Luiz Fernando Borges Da Fonseca
4256505,Chico Brahmma
305301,Maucha Adnet
424127,Cris Delanno
2644591,Sueli Faria
2361414,Five Tracks
4013407,Cecília Assef
878619,Gabriel O'Meara
4165193,José Doné
4586428,Maurílio Santos
878614,Escurinho
2887183,Daniel Cheese
4013408,J. Cunha
1893753,Sérgio Malta
392288,Mike Ribas
627138,Rogério Duarte
4476529,Pierre Kolmann E Seu Conjunto
702210,Marcelo Camelo
4416069,Lucio Rangel
3721763,Grupo Sambario
336605,Marisa Monte
1978915,Derek Solomons
1609339,Jorge Vercillo
732875,Antenor Marques Filho
395303,Simone Caymmi
336607,Cazuza
1759681,Carlos Eduardo Gonçalves
962893,Alexandre Malheiros
962890,Oswaldo Cadaxo
277713,Robin Geoffrey Cable
650384,Jeff De Araujo
609244,Cida
642314,Pedro Dos Santos
2119992,Antonio Henrique Nitzsche
395304,Ana Lontra Jobim
333241,Pedro Sorongo
2760179,Renato Alscher
2760176,Gui Paganini
2760177,Jhonson Almeida
2060166,Manoel Araújo
2760175,Fernanda David
1872982,Barney (17)
2760173,Antonio Henrique Seixas
3650830,Valsa
52489,Mats Björklund
1536941,Flavio Senna
1536940,Mauro Moraes
1536942,Esveraldo Ferreira
400751,Luiz Bueno
2284543,Joaquim Silva
1835879,Brent Rollins
344400,Luis Quine
3676464,Maurício Badé
4614141,Capitão Antônio
342658,Bebeto
1501402,Clementina De Jesus
2076925,Alberto Rosenblit
701135,Nilton Delfino Marçal
2798802,Yukio (3)
27991,Antonio Carlos Jobim
3548193,Ted Settle
427147,Robson Nonato
3548194,James Roderick
4456468,Borginho
4456469,Noel (35)
2946901,Perez Dworecki
2946900,Carlos Alberto De Alcântara Pereira
4456465,Ananias
2946905,Joel Tavares
3635642,Oscar Ramos (3)
427164,Ivanzinho
3742331,Glauco Solter
346199,Adriano Trindade
346198,Pretinho Da Serrinha
3668178,Rinoceronte Produções
884473,Wilson Miranda
884472,Antonio Cicero
346191,Bocato
3668177,Michele Borges
346197,Azeitona
1793360,Ricardo Leite
2851417,Hugo Santos (3)
265139,Luciano Oliveira
4394205,Alberto Barreras
4394204,Juarez Penna
708633,Sergio Melo
1886299,Ana Leuzinger
2658054,Darío
470663,Charlus De La Salle
3764518,Evandro Ambrozi
906234,Peter Kelly (2)
906236,Gary Honor
906237,Ned Davies
906230,Steve Bullivant
906231,Ian Fisher (3)
906232,Greg Hughes
906233,Michelle Fragar
3116227,Paulo Garcez
1918316,Pacifico Mascarenhas
1052921,Raul Mascerenhas
392287,Alfredo Radoszynski
3682660,Chico Do Zuca
3682661,Nonato Araujo
3682662,Leo Paracchi
3682664,Walter (40)
3682665,Vavá (2)
3682666,Piu-Piu (2)
876792,Marcelo Rezende
388819,Jadir De Castro
393408,Tom E Dito
1176886,Custódio Mesquita
1911309,Jorge Mario Da Silva
471424,Thalma De Freitas
3132952,Lívio Campos
4575480,Urano (3)
4575481,Sapia
4425574,Nilcéia Figueiredo
4425575,Maria Cecília Motta
4415979,Flamengo (3)
1970825,DJ Tudo
2392761,Jorge Rezende
41583,David
4458872,Wanderson Lopez
3668153,Renata Stavalle
1439609,Oberdan Oliveira
986540,Paulo Soledade
3388250,Magro Waghabi
3388251,Halley Elemarion
2736238,Pedro Oswaldo Cruz
1675292,Celson Fonseca
339187,Val Valentin
2154888,Carlinhos Magno Portela
4620218,Josiel Rufino
2091997,Adelino Moreira
443440,Jade Pereira
1930998,Chuck Briefer
1973938,Marcelo Cabral
2329160,Jayro A. Rodrigues
2500018,Camera Press
531717,Luca Salvia
1696533,Liebert
531710,Jacaré
2294148,Bob Gueiros
3388633,Luís Garrido
1389749,Claudio Cartier
2948043,Marcio Antonucci
2154881,Dalmo Medeiros
15441,Tamba Trio
916225,Hamilton
681292,Nico Assumpção
862262,JR Tostoi
839010,Ricardo Kanji
1303763,Gilberto De Olaria
1303762,A Máfia
797214,Pestana
896172,Alceu De Almeida Reis
3787707,Milton Mori
797213,Otacilio
896177,Carlos Eduardo Hack
1303764,Nelsino
752772,Aline Cabral
896178,Arlindo Penteado
452899,Cacá Malaquias
83763,Caetano Veloso
2521812,Otto Stupakoff
3758878,Fábio Motta
83762,Leila Pinheiro
4246861,Sandra Bernard
208878,Negro Rico
318943,Moraes Moreira
83765,Timbalada
355730,Erasmo Carlos
852238,Maurício Tapajós
318944,Homero Ferreira
83725,Meirelles E Os Copa 5
83724,Gilberto Gil
2274547,Renato Menconi
3792529,Jorge Freitas
3792528,Stewe (3)
83723,Milton Nascimento
3766341,Tuco Freire
1763925,Herbert (5)
792930,Wadi Gebara Netto
3662898,Zé Luiz Soares
3441409,Luiz Sergio Pacce
3441408,Trancredo M. De Oliveira
4246860,Alberto Saliby
3573628,C. Mascarenhas
31340,Dino
1517971,Willy Paiva Moreira
3560945,Mario Ballina
3560946,L. Isaac
3560947,Salvador Aguerrios
730544,Robertinho De Recife
872375,Peninha
2679137,Toninho (4)
3717980,Verinha Cordovil
2691687,Ederaldo
2691686,Roberto Moura
44937,Hermes
2691684,Salatiel Coelho
1961921,Carlão De Souza
4474278,"Carlos ""Arú"" Miname"
2691689,Enio C. Castro
2691688,Carlosidônio
1911312,Phacio Palanca
1806389,Fred Ferreira
325845,George Horn
2157778,Gabriel Pinheiro
2443227,Anelis Assumpção
23477,Wando
23475,Djavan
588439,Herivelto Martins
374145,Fernando Merlino
3045254,Cícero Menezes
23479,Chico Science
23478,Toquinho
3045255,Ray Vianna
1168371,Miele (3)
2278301,Antonio Barroso
320291,Lennie Dale
309844,Danilo Caymmi
309845,Marcelo Salazar
4163658,Diana Sousa
856639,G.R.E.S. Portela
3668325,Luiz Antonio Gomes
11570,Ito
1136187,Leonel Pereda
983510,Paulo Russo
89144,Marcos Suzano
4503448,Adriana Lins
1136189,Astor Silva
1486265,Alex Braga
481062,Nei Lopes
261931,Chris Mercer
2123030,Carlos Magno Portela
3577652,Marco Aurélio Oliveira
3577653,Paloma Valls
1690371,Bebel
3764505,Lumen Design
3497081,Milton José
3052110,Caçulinha
2032279,Nilton Rodrigues
289424,Akira Terazaki
1215914,Claudio Coev
1215915,José Briamonte
1215916,Edgardo Alberto Rapetti
3354821,Sebastião Lopes
707158,Walmir De Almeida Gil
707159,Tenisson Rufino De Caldas
3089644,João Carlos Coutinho
707155,Antonio Feliz Ferrer
141337,Candeia
3492157,Aquilino S. Filho
2586094,Ubaldo Sciangula Mangione
3045223,Gordo (12)
464352,Basia Trzetrzelewska
3045226,David Glat
3045225,Augusto Conceição
3045224,Paulo Ricardo (2)
3045228,Marcelão (2)
611954,J. Lima
27140,Célia Vaz
165619,Mark Reilly
104275,Egon
4569821,Josué Ramos
329915,Oscar Valdés
215599,Os Originais Do Samba
1339607,Silvio (6)
305375,Mike Lang
56042,Waltel Branco
3747,Walter Wanderley
2644580,Marcello Gonçalves
1957822,Haroldo Mauro Jr.
4450338,Miguel Caló E Sua Orquestra
744778,Edu Szajnbrum
3977377,Os Sambistas Do Asfalto
868121,Pirulito
706756,Jadir Florindo
1261957,Cilene Affonso
3016355,Thiago Cury
868124,Marcos Silva (2)
1019772,Cláudio
2901684,Romeu
36230,Barbara
245813,Marcio Lott
245816,Fabiola
245817,Emilio Santiago
281847,Ilê Aiyê
392293,Cacho Gómez
392292,Alfredo Remus
4201696,J. C. Mello Menezes
905362,Adherbal Moreira
905361,Aurino
905360,Pedro Luiz De Assis
1322718,José Silva
1604530,Maestro Gaya
1948489,Adilson Victor
3567298,Oficina Audio E Vídeo SP
2332305,Caito Marcondes
3485753,Graça
395202,Jose Roberto
4061901,Azevedo (2)
3793214,Ataulfo Alves Jr.
2979131,DJ MixXxuruca
260882,Manoel Barenbein
333237,Jorginho
333235,Mazzola
95541,Tomaso Albinoni
473274,Ricardo Garcia
1483094,André Becker
477770,Hillsong
477771,Darlene Zschech
3563167,Eduardo Menezes
371764,Nick Woodland
3544197,Airton Lima
3563168,Diogo Montalvão
3786988,Barba (4)
1605751,Augusto Boal
2327347,Paulo Lorgus
3681870,Paulo De Deus
3681871,DJ M. Drawmer
17751,Seu Jorge
3742327,Fred Teixeira (2)
683676,Zé Dantas
1976877,Anderson Quevedo
683674,Silvio Cesar
399044,Pique Riverte
2575205,Jonas Silva
1266716,Sérgio Chiavazzolli
2980778,Pedro Aragão
2980779,Mariana Bernardes
748100,Zé Carlos
3668320,Elisa Addor
346760,João Gilberto
3041215,Mário Jorge Bruno
176998,Humberto Gatica
1957824,Chico Adnet
906223,Sami-Pekka Lehtosaari
906222,Craig Gower
906221,Troy Carthew
906220,Trevor Beck
906227,Tanya Riches
484898,Jairo Gualberto
1485326,Micheline Cardoso
906224,David Moyse
2245602,Dean Northcott
946781,Pi (7)
906228,Woody Pierson
3682659,Marcos Ficarelli
3682658,Garrincha (3)
1022676,Alcir
1940380,Ektone
2273341,Jackson Paulino
478644,João Bosco
478643,Rosinha De Valença
1933970,Alberto Soluri
3544438,Paulo Malaguti
2964502,Fats Elpidio
1152104,Chico Roque
4013409,Conceição Boaventura
1152101,Só Pra Contrariar
524608,Ivan Carvalho
462193,Ben Powers Jr.
2302290,Nilton Ricardo
709045,Torquato Neto
168452,Milton Banana Trio
2083113,Kauê
1895526,Romário Menezes de Oliveira Jr
392289,"Enrique ""Zurdo"" Roizner"
4170378,Alaor Neves
2691474,Da Fé
2345121,Adson Santana
2345122,Milton De Mori
443439,Carlos Freitas
2691470,Therezinha
694985,Georgiana (2)
694986,Gilson Peranzzetta
2691473,João de Auquino
2699207,Rômulo Nascimento
3231761,Edson Souza
2699209,Jr. Gaiatto
3041017,Roberto Castro (4)
157480,Luis Bacalov
2961808,Terra Samba
83603,Gabriel
1225290,João Plinta
4605940,Cabral (3)
2880523,Edinizio Ribeiro
2880524,Mario Luiz T. De Carvalho
1192963,Alves
4243804,Carlos Codó
268995,Hélcio Milito
4583032,Jackson (45)
4583033,Else (4)
752769,Marcelo Calvário
752768,Léo Bernardo
974530,Rosa Maria
752761,Alex D'Wille
1007779,Nivaldo Ornelas
752763,Marcio Meirelles
752762,Simò
752765,Luce Nascimento
752764,Jurinha
752766,Patrícia Barbeitas
517566,Vincent De Bast
751490,Neguinho Do Samba
3019871,Luís Pacce
918344,Geraldo Jacques
2670303,Márcio (2)
97921,Raul De Souza
2942443,Décio Paiva
346579,Burnier & Cartier
83735,Quarteto Novo
3766337,Xico Guedes
3766339,Betão Caldas
3766338,Jarbas A. Barbosa Jr.
2972700,Luiza Borges
4620222,Anderson Rocha (2)
83738,Lo Borges
83739,Elza Soares
3269406,Cópia e sua Orquestra
3867849,Petrúcio Maia
1893192,Indioney Rodrigues
1791036,Osvaldo Nunes
1147016,Ernesto Gonsalves
1517960,Cido Bianchi
1517967,Orlando Silveira
1517964,Jorge Santos (2)
1517965,Quarteto Cido
3966001,Orquestra De Cordas Brasileiras
2081828,Amaro Moço
751128,Marco Aurélio
1957042,Mazinho Ventura
1012535,Luis Felipe
40424,Dominique Blanc-Francard
831597,A Fantástica Bateria
751120,Vânia Santos
2691690,Coelho Netto
2691691,Luis Tavares
3869864,G.R.E.S. Estácio De Sá
3869863,Rogerio Rossini
705550,Roberto Martins
2457500,Edgar Ferreira
4591316,Luisinho Vital
665589,Cidinho Teixeira
784943,Pedro Santos
3576623,Marcos E. S. Rufino
2410064,Fernando Gallo
2410065,João Alves Do Carmo
2410062,Paulo Nunes (2)
2410063,Amaury Rodrigues
2410061,Gumercindo Nogueira Da Silva
1543168,Peter Dauelsberg
383801,Danny Kopelson
2137361,Luiza Reis
2137360,Nilo Jorge
1894374,Rubens Sabino
789983,Jaime Alem
3198679,Sociedade Recreativa Bloco Carnavalesco Vai Se Quizer
3198678,Joāo Negrāo
961349,Rodrigo Araújo
697754,Zélia Duncan
289653,Robert Carranza
1715001,Inezita Barroso
132461,Moreno Veloso
3070170,Michelangelo Pagnano
894969,Benil Santos
2231718,Piau
89150,Vinicius Cantuária
89151,Dinho Nascimento
3986836,Ronaldo Goyannes
4477516,Orlando Campos De Souza
3833563,Grupo Talismã
4477513,José Dantas
4477512,Tequinho
1244959,Anthony Gorman
3149970,Elmo Barros
2007724,Tomek Miernowski
1538538,Sérgio Ricardo
1550759,Maria De Lurdes
3383216,Chico Dafé
632743,Helena De Lima
2345123,Flávio Augusto (2)
4341474,Zaccarias E Seu Conjunto de Boite
3786992,Caroline Lohmman
4539272,Roberto Do Monte
707143,Ivani Sabino
259194,Michel Esteban
340323,Olivia Hime
729527,Guio De Morais E Seu Conjunto
3786997,Claudio Menandro
3786996,Marcelino Moraes Filho
413670,Stephane San Juan
4226129,Rafael Moromizato
632984,Robertinho
786142,Riccardo Luppi
4443219,Manoel Poladian
551099,Wally Smith
861571,Don Lewis (2)
551094,S. Parrington
551095,Raymond Keenlyside
180382,Zer0
629803,Bonnie Amaro
1535774,Ivan Lisnik
2760178,João Mario Linhares
919591,Hamilton De Holanda
1945125,Mário Castro Neves & Samba S.A.
3756,Marcos Valle
1201079,Guiga Scott
683285,Zé Menezes
2184785,Otavio Argento
3867622,Alfredo (26)
3867621,Cacau (2)
3867620,Silvinho Torres
340639,Barry St. John
185702,Waldemar Falcão
806783,Dino (13)
4581224,Banda Kalifa
158368,Will Mowat
2239756,Martin Philbey
3898812,Aracy Ribeiro Valente
2417025,Maira Martucci Nakabayashi
2417024,Leonardo Martucci Nakabayashi
1429331,André Valadão
1429330,Helena Tannure
1429332,Nívea Soares
732306,GianCarlo
253379,Moacir Santos
759928,Manuel Gusmao
349087,Boca Livre
1945127,José Pereira Guimarães
257872,Paulo Ferreira
371826,Ann Odell
349088,Viva Voz
304615,Chiara Civello
333225,Sidinho
93909,Richard Hewson
4226128,Alessandro Manso
3351778,Neném Da Cuica
75676,Enrico De Paoli
427366,Olivier De Bosson
4027977,Paulo Sodré
736209,Rossini Pinto
3294259,Deraldo Oliveira
4232251,Hilton Junior
4232250,Ronaldo Reis
3563170,Rubens Lisboa
2313204,Ana Maria Bahiana
4463178,Luiz Claudio (5)
2313203,Francisco Rodrigues
389537,Elise Canepa
3721768,"Walter ""Isgueri-Gueri"""
3939932,Manoel Da Conceição
1805452,Milton Araújo
727289,Dengue
2338601,Carlinhos PQD
2338600,Ademir Marques Da Silva
2338603,Dutra
2338602,Gabriel Pessanha
3865681,Zilmar De Araujo
499284,Galina Solodchin
727285,Jorge Du Peixe
3668156,Zoy Anastassakis
3668157,Henrique Vilhena
3668155,Tiago Schardong
3668152,Rubinho Jacobina
461953,Robert Soares
3931435,Gil Prates
2760174,José Arimatea
1294321,Alexandre (5)
521539,Franklin Da Flauta
981119,Renato Viola
708650,Vicente Paiva
708654,José Alves Da Silva
1184318,Edmilson Braga
708658,Giancarlo Pareschi
1049346,Guello
1187922,Elias (12)
4085939,Marquinhos (6)
1948496,Genaro (2)
1948497,Big Fields
748116,Paulão 7 Cordas
748111,Trambique
3437708,Silvia Machete
320290,Luiz Eça
2980740,João Moreira (5)
3231751,Alessandra Veiga
2120464,Oscar Paolillo
2344888,Chiquinho do Acordeom
3377267,Francisco Carioca
437411,Marty Sampson
3016357,Agua Forte
3016356,Filipe Tichauer
432423,Norbert Daum
3978057,Lúcio Nascimento (2)
2504417,Francesco Celano
2273335,André Neiva
1096660,Márcio Hulk
853903,Richard Hazard
4246859,Bryan Vianna
1965410,Didiê Cunha
547170,Chuck Stewart
280219,Berna Ceppas
1913957,Celso Murilo E Seu Conjunto
1913955,Celso Murilo
1485869,Mozart (7)
1913958,Côro De Zizinho
920953,Betty Missiego
18434,Lula
1501401,Zezé Mota
2294586,GPS Direção Gráfica
2345115,Zé Paulo Becker
2345114,Célio Barros
2345117,Carmo Dos Santos
2345116,Fernando Pereira (3)
2345111,Gigante Brasil
2345113,Carlos César De Araújo Motta
2345112,Odésio Jericó
1007777,Picolé
2345119,Ivan César
2345118,Valdir Ferreira
3247679,Ivanildo José Da Silva
2349819,Laércio De Freitas
426540,Paul Zinman
1561358,Roberto Côrte-Real
2935160,Totonho
1007175,Edson Lobo
1039136,Mussum
351054,G.R.E.S. Mocidade Independente De Padre Miguel
3786991,Osiel Fonseca
3786990,Marcelo Pereira (2)
3786993,Cesar Matoso
319921,Márcia
3786995,Evaldo Ribeiro
3786994,José Felipe Faneli
1914099,Bernardo Müller
704174,Andy Mills
1914094,Alex Baresi
1914093,Fabiana Pichulate
1914092,Juan González (2)
919593,Marcos Portinari
919592,Vadico
82811,James Farber
280077,Abraham Laboriel
4349329,Sergio Neves De Pinna
2096319,Ze Cruz
2594142,J.C. Botezelli
1176572,Marcelo Pretto
3869109,Batacotô
752754,Eduardo Costa
752755,Kanú
40234,Carlos Bess
752757,Ciro Cruz
2843819,Célia (2)
752752,Kika Tristão
752753,Marrom
529221,Dominguinhos
529223,Evinha
752758,Eliane Tassis
1168779,Rodrigo Campello
279275,Bobby Rosengarden
751113,Mauro Duarte
1748288,Gaucho (3)
751481,Jel (4)
751480,Luizinho
751483,Tinho Santana
751482,Chacalzinho
751485,Elpídio
751484,Véo
751487,Elcio Alvarez Filho
751486,Tonho Matéria
751489,Ovo (5)
751488,Coroa
663497,Ruy Guerra
2727780,Angela Castro Mucci
2727781,Jotinha
356484,Jorge Helder
1039178,Conjunto Explosao Do Samba
1543170,João Luiz Maciel
1543171,Aecio Flavio
1851420,Toninho Paladino
570021,Sidinho Moreira
2898767,Edson (7)
691480,Luiz Carlos Batera
919590,Daniel Musy
1669768,Paulo Sergio (2)
4414720,Mário Luís Thompson
822247,Raul Mascarenhas
249217,Roland Kluger
4620220,Henrique Suzuki
126711,Vidal
822249,Serginho Do Trombone
2594182,Dorvalino Pereira Dos Santos
4456467,Miranda (27)
1777297,Tiazinha
700894,Odete Amaral
3666642,Kojac Chorale
3666643,João Zim
3666644,João Van Da Luz
3666645,Don Charles (5)
3666646,Gusta Von
3666647,Dadi Flavi
1226134,Arnaldo Brandão
3758869,Mário Rosito
4482798,Goebel Weyne
2178982,Luciano Figueiredo
2926035,Manuel Berembeim
3114939,Leo Caldi
1426924,Lúcio Varela
1105682,Flávio Venturini
416389,Rubens
725662,Esdras De Souza Pereira
3788359,Biba (6)
725661,Lupicínio Rodrigues
725666,Hermínio Bello De Carvalho
3244638,Nestor Vitirutti
725664,Noel Rosa
1394028,Dona Inah
111566,DJ Marlboro
1394021,Rubinho Lima
1394022,Bina Coquet
1493614,Avan Samba
1394024,Celso De Almeida
1394025,Memeu Cabral
1394026,Bina & Ehud
1394027,Carneiro Sândalo
1787634,Manoel Moraes
938331,Duduka Da Fonseca
2852653,Thiago França
2644573,Rodrigo Lessa
346192,Sidão Santos
3247675,João Mossoró
1059908,Irazy Serra
284994,Ronaldo Boscoli
49085,Matt Bianco
1493296,Paulão
284990,Fernando Lobo
1059901,Gracia (2)
3247677,Regina Caffaro
4478873,Franklin (19)
580761,Paul Scriver (2)
1059906,J. Palmeira
1157984,Dori Caymmi (2)
3668174,Diogo P. Gonçalves
1618911,Milton Botelho
1170028,Deraldo
3167042,Cipó And His Authentic Rhythm Group
1724640,Fernando Adour
170270,Meirelles
3668176,Gustavo Deslandes
3684172,María Eugenia (2)
2059203,Julio Medaglia
524594,Itibere Zwarg
1550764,Luis Alberto Ferri
1550761,Aeluah
1550760,Carolina Andrade
1926589,Yara Rossi
4620212,Vadinho
182738,John Legend
2430071,Andréa Alves
691665,Heitor Villa-Lobos
2238621,Martin Pudenz
696728,Eduardo Magalhaes De Carvalho
696729,Joãõ Roberto Vandaluz
3040329,Maria Cambraia Fernandes
3040328,Antônio Norato
3040322,Orquestra Tabajara
130782,Tim Maia
3773285,Alice Rodrigues
1197893,Luiz Paulo
1927729,Mario Bag
551087,John Kirkland
286919,Erich Bulling
1146064,Arthur Moura
1146067,Marcelo Martins (2)
1146066,Laudz Beatz
1032015,Jamelão
56660,João Parahyba
4569282,Marcela Lobo
2264667,Hans Herzheim
684918,David Nasser
988743,Paul Durand Et Son Orchestre
3182970,Piera Paula
409345,Luis Antonio
1341505,Nestor Campos
334485,Filo Machado
413800,Paulo Diniz
401363,Eduardo Muszkat
413806,Hyldon
4394201,Kleber Matos
1659163,Vinicius França
3676071,William Luna
4394200,Sandra Grego
755728,Waldir Azevedo
3668175,Dani Dacorso
346195,Nenê Brown
4394203,Gato Assanhado
1903011,Jair (2)
4394202,Sidney Herszage
4203694,Hélio Brandão (2)
4243828,Bio (12)
539244,Euzébio Cardoso
1053042,Bijou (7)
1053040,Luiz Antonio Ferreira
1053041,Zenio De Alencar
1604776,Nolan Leve
1604777,Héctor Lagna Fietta
550629,José Roberto Bertrami
759937,Geraldo Brandao
400763,Cassiano
16823,Suba
2163250,Roberto Ruiz
3191185,A. Lopes Machado
4557817,Jotan
1615097,Cleudir Borges
400768,Raul Seixas
333213,Luna (11)
2491188,Régis Baba
4232249,Maria Alves De Lima
4557815,Terezinha Vilela
500491,Claudia (6)
2690583,Heitor O. de Aquino
4557814,Carlinhos Menezes
2690587,Norimichi Kise
2100011,Katia Pierre
489336,Chris Green (4)
2100013,Flora Diegues
2100012,Phillip Doyle
4573648,Katia Spassova
2043131,Ricardo Cantaluppi
3221551,Eduardo Araújo
1294317,Hermes (6)
1913959,Gabriel Bezzerra
895079,Ruşen Güneş
427158,Gerson Silva
1423538,Russell Bracher
841107,José Fortuna
730542,Guilherme Araujo
1052920,Leal Brito
3520849,Gato Félix
4157824,Grande Orquestra Carnavalesca
2067786,Grupo Raça
3520848,Alexandre Sardá
320287,Dóris Monteiro
3783,Edu Lobo
708642,Altair Martins
280693,Luiz Henrique
708649,Aldivas Ayres
1937128,Monobloco
292323,Jim Lawless
2355984,Valdeci
1861036,Lourenço
34908,Johnny Boy
2218911,Morgana (11)
3758872,Nildé Margarida
4556317,Meireles
1615414,Raça Negra
2013385,Ramalho Neto
2824329,Fernando Falcon
2296439,Carla Rincón
2296438,Rafael Ayres
317401,Vitor Farias
628721,Bebeto Castilho
2097029,Luis Paulo
2097028,Luis Carlos T. Reis
14079,Ed Lincoln
14078,Trio Mocotó
2317573,José Ramos Tinhorão
2963772,Luís Jasmin
2807420,José De Holanda
271388,Marietta Waters
14071,Dom Salvador
301671,Victor Rice
949386,Jararaca
1588038,Mauricio Pereira (sax/vocal solo)
2288358,Harry Zuckermann
2288357,Alexandre De Souza Lima
1891272,Nelson Macedo
1588033,Beto Furquim
1588035,Leandro Bomfim
3087935,Walter Mariani
0,Hugh De Winton
966171,Hyldon Souza
1988567,Sallaberry
1699612,Douglas Payne
4471561,Bloco Carnavalesco Bafo Da Onça
1614075,Belo (3)
1662921,Dacy
2209458,Paulo Taccetti
467561,Bruno Garcia
512643,Ed Greene (3)
1490389,Latino (2)
3526510,Comando Geral
132317,Geoff Bastow
3874037,Anescarzinho
3669991,Waldemar Gomes
4112586,Orlando Costa (3)
756597,Eduardo Souto Neto
906202,Raymond Badham
1010955,Nivaldo Duarte
1389777,Antonio Carlos (2)
319933,Severino Filho
264092,Planet Hemp
319934,Roberto Quartin
1305204,Arismar Do Espírito Santo
319936,Ismael Correa
1675549,Gringo Cardia
3786987,Chico Esmanhoto
3786984,Marcela Zanette
3533987,Promaster (2)
3786982,Cláudio Ribeiro (3)
3786983,Leandro Machado
3786981,Leandro Teixeira
2343726,Letícia Sabatella
2343727,ABM De Aguiar
2603471,Kobi Israel (2)
2270517,Vera Veríssimo
3282646,Cosentini
3282644,Luigi Manprin
316447,Hugo Hori
3282642,José Lídio Cordeiro
3282643,Bela Mori
3282640,Bady Cartier
3282641,Milton Luz
1726298,Claumirzinho
2691982,Claudete Macêdo
3700460,Luiz Henrique (3)
2691984,Hilário
2691985,Clélio Ribeiro
728032,Serginho (2)
3114955,Carlos de Assis Moura
3874035,Jair Costa (2)
1160552,Tatau
583208,Antenor
415609,Don Harris
4573582,Wanderley Rizzoto
706736,Geraldo Pereira
706735,Márcio Almeida
706738,Valdir
552371,José Alves
552372,Claudio Bertrami
2150321,Wilton Montenegro
1824578,Joacyr Santana
4272061,Val Ayres
315801,Armando Pittigliani
849035,Mário Jorge
849036,Luís Carlos Firmino
849037,Sérgio Rufino
849030,Mauro Jr.
849031,Fábio Roberto
849032,Fábio Cravo
849033,Francisco Jr.
906226,Matt Hope
2369698,Moisés Pedrosa
849038,Christophe Croysez
849039,Artur Luís
3789646,BR Plus Do Brasil
3789647,Sergio Richiden
751104,Luiz Flavio Alcofra
751106,Vânius Marques
447677,Luizão Maia
3573618,Vainer Dias Gomes
2312364,"Bala, Bombom E Chocolate"
782674,Felipe Pinaud
751103,Craça Veiga
3269429,Alexandre Gnattali e sua Orquestra
2058414,Lucio Varela
401026,"Antônio ""Toninho"" Pinheiro"
751458,Socó
3573613,Os Imortais
1710301,Watson Clis
1710300,Zé Eduardo
1710303,Telma Costa
1710302,Telo Borges
1710305,Grupo Tacuabé
1710304,Ana Revos
1710307,Henrique Drach
1710306,Fernando Sizão
2042586,Francisco Luis Russo
4612695,Jailton Dantas
3093339,Krikor Tcherkesian
4456466,Aloizio
2942260,Virgilio Milleo
594733,Nair De Candia
4471863,Cristiane
1970827,Do Amor
700886,Charles Gavin
700889,Elton Medeiros
713884,Marcio Gama
4443906,Dalton Vicente
662683,Marcelo Sabóia
662680,José Alves (2)
662681,Ismael Oliveira
3515665,7: Voltaire
662684,Bruno Stehling
1790960,Mauro Zacharias
111792,Yon
77834,Brian Tench
970193,Alexandre Pires
524610,Carol Rogers
1656884,Ademir Candido
1266723,Luciano Calazans
524615,Tiao Neto
777467,Miguel Caló
2457499,Isais De La Freitas
23483,Os Ritmistas Brasileiros
4508531,Ricardo Misutani
3765798,Jade Solter
3765799,Raul Valente
1059914,Noel Rosa De Oliveira
1059912,Os Partideiros Do Plá
3757633,Guga Fittipaldi
1059910,Julio Cezar
1059911,L. Mocarzel
3765790,Edu Sallum
3765791,Jorginho Do Trompete
3765792,Ricardo Ô Rosinha
3765793,Jairo Wilkens
3765794,Paulo Siqueira (2)
3765795,Murilo Lunardon
456335,Rodolfo Stroeter
3765797,Rogério Naressi
1748286,Jose Marinho
1032325,Talmo Scaranari
3633714,Silvio Barboza
82150,Dai
3742298,Márcio Rosa
2468188,Caroline Bittencourt
1840023,Joel Cocchiararo
3573583,Sambas De Enredo
2866443,Zilmar Araujo
3757628,Rodrigo Villa
927832,Janet De Almeida
2237556,Jacques Aubert
695800,Monarco
695801,Ivan Paulo
695806,Mauro Diniz
695807,Arlindo Cruz
695804,Genilson Barbosa
695805,Serginho Meriti
4591330,Sidnei De Paula
695809,Paulo Torres
4591331,Fabian Figueiredo
3040338,Genaldo Medeiros
4516493,Célio Reis
3558859,Sergio Lobo
696731,Gustavo Schroeter
696730,Joãõ Batista Pereira
3040331,Severino Araújo
3040336,Leila Rocha
3040337,Euclides Conceição
4225101,Milton Pesão
120623,Toots Thielemans
449858,Zuza Homem de Mello
4225102,Flinkas
1583031,Julio Nagib
4225107,China (41)
4225106,Mauricio (9)
486467,Jair Rodrigues
317981,David Amaro
3038702,Grupo Chapéu De Palha
4575504,George Torok
1590793,Nilze Carvalho
281906,Stuart Baker
281907,Papete
4345835,Vanessa Pifano
3182969,Paulo Vainer
1037031,João Mello
336425,Marcelo Costa
2124833,Wilson Mauro
336427,Paula Morelenbaum
449215,Ary Barroso
427154,Nivaldo Cerqueira
392246,André Vasconcelos
392247,Carlos Bala
392245,Max Viana
392242,Paulo Calasans
392243,Flávia Virgínia
392240,João Castilho
392241,Beth Bruno
2443277,Cris Scabello
755733,Rosil Cavalcanti
755730,José Roberto
1715257,Titulares Do Ritmo
1897026,Homero Lotito
1200872,Nenem
1290067,Zé Canuto
2445785,Francisco Roa
859640,Escola De Samba Da Cidade
859641,Célio Martins
2445789,Eliezer Rodrigues
2133328,Ugo Marotta
177048,Cartola
1625836,Solange Venturi
1053033,Leonel Villar
1053031,Manoel Ferreira
1165924,Sylvinho
3929734,Augusto Boal & Gianfrancesco Guarnieri
1053036,Barão
1053035,Moura
1053034,João Luiz
4476583,Mario Hora Jr.
1053039,Wagner Dias
1053038,Heraldo (3)
169590,Mug
397015,Jose Luiz Mazziotti
591168,Dudú Trentin
2210163,Mané Silveira
1625833,Bruno Coelho
2586091,Henrique Cazes
546005,Jocafi
546004,Antonio Carlos
3653574,Toninho Costa
4508529,Adriano Raimundo
4508528,Tita Albuquerque
2690590,Pedrinho Jr.
4556760,Allan Abbadia
412926,Tony Wright
2100006,Andrea Ernest Dias
2100007,Oswaldinho Do Acordeon
2100008,Luíz Brasil
397013,Luiz Fernando M. Lima
3790192,Cristiano Alves (2)
3790193,Marcelo Gonçalves
578668,Peter King (6)
200740,Mario Castro Neves
3790194,Giselle Goldoni Tiso
99556,Lincoln
3899590,Regional Do Canhoto
2287976,Luiz Mocarzel
3650193,Lucio Nascimento
1547042,Adriano Busko
1856828,Fátima Guedes
297257,Leo Gandelman
297259,Marcio Montarroyos
297258,Lincoln Olivetti
309700,Cliff Korman
290917,Renato Russo
1138622,Paulinho Trompete
2072855,Dodô Ferreira
3668323,Fabiano Krieger
377629,Don Bartley
1948516,Claumir
578288,Mauro Berman
46220,Basia
128092,Sérgio Boré
97480,Creed Taylor
340475,Martin Harrison (2)
546416,Joselito
215598,Os Cobras
1132877,Selma Reis
2596376,Rubens Chaves
460927,Zeca Pagodinho
460925,Agepê
460924,Chico Da Silva
14068,Airto Moreira
2410744,Shapiro (4)
2097031,João Carlos Moura
2106631,Antonio Carlos De Carvalho
1550762,Verinha
3150194,Ailton & Binho
455737,Ricardo Silveira
460929,Ciro Monteiro
460928,Almir Guineto
408796,Adriano Giffoni
63081,Andres Levin
1913976,Joselito (3)
2946897,Severino Gomes Da Silva
1320425,Chiquito (2)
2980739,Nicolas Flamel
2083214,"Marciso ""Pena"" Carvalho"
800590,Manuel de Novas
432240,Pedrinho Da Luz
1763310,Luiz Avellar
708660,João Cortez
2374532,Marco Aurélio Bissi
265140,Ronaldo Bastos
1439883,Antonio Carlos De Oliveira
316059,Victor Farias
2178727,Tiago Malta
3967109,Machadinho (2)
3967108,Paulo Machado (4)
392774,Trio 3D
3124861,Nagib Allit
725860,Andre Nascimento
4142095,Stanley (28)
5253,Joyce
2896530,Alfredo Corleto
3088768,Mário Campanha
487259,Stan Roderick
620876,Fabio Torres
3282639,Tide Hellmeister
380141,Alberto
3282633,Domingos Braga
3282632,Antonio Torchia
693770,Stelio Carlini
3282630,Enzo Pedini
3282637,Orlando Bataglia
3282636,Antonio Gianelli
3282635,Nicolau
3282634,Firmo Molitor
583214,Lambari
583217,Walter Lima
1389128,Francisco Pereira
268090,Tony Gilbert
712030,Glorinha Gadelha
583212,Claudio (3)
30700,Jorge Ben
30703,Elis Regina
2776943,Luiz Garrido
2789133,André Magalhães
1389125,Umberto Contardi
701130,Nicolino Cópia
701131,Raul Machado De Barros
701132,Jorge José Da Silva
701133,Horondino José Da Silva
701134,Jayme Thomas Florêncio
342659,Clara Nunes
701136,Wilson Canegal
1193535,Celso Woltzenlogel
1193537,Chiquinho do Acordeon
1193536,Jose Lana
3635644,Will Cutter
4620216,Andrézinho
4620217,Ari Bispo
4620214,Thelma Regina
1176883,Grande Otelo
3164889,Hildo Hora
4620213,Jimmy Batera
197740,Andy Ross (2)
1008799,Carlos Nascimento
3652024,Beto Japa
3652022,Adriana Alegria
3946335,Borrachinha
4620219,Leonel Massaro
2294149,Humberto Medeiros
2251936,Caetano Rodriguez
849027,Grupo Revelação
2126710,Paulinho Black
709355,Serginho
985656,Aquarius (13)
849029,Jorge Guerreiro
1184330,Alexandre Hasson
2294147,João Galhardo Jr.
83764,Margareth Menezes
83766,Toninho Horta
433130,Marquinhos (2)
751112,Leonardo Bruno
751117,Henrique Sodré
751116,Dinorah
751115,Ary Bispo
3573621,Mário Sérgio
750416,Frederico Capella
751118,Darcy De Paulo
3573625,Faustão (2)
2076078,Hugo Bellard
3573627,Cássia
143069,Danny White
896179,Sonia Burnier
3553537,Aline Dantas
1710310,Jayme Araújo
4165197,Regina Mucci
4165196,Fernando Mansur
4165195,Rafael Freitas
752771,Gilsinho
11018,Ivan
4165192,Patrícia Mellodi
4165191,Bruno Felga
4165190,João Vitor
3596192,Rosite Val
438226,Brent Clark
3632997,Ademir Batera
186476,Marcelo D2
186477,Jackson Do Pandeiro
186474,Edson Frederico
524600,Pernambuco
524602,Marcio Bahia
3184198,Zenilda
3652303,Dirceu Saggin
3596193,Ezio Filho
3515661,Nadinho
393031,Benito Di Paula
2663954,Maurício Carrilho
553683,Tiquinho
4054444,Juliana Perdigão
1731440,Dalton Rieffel
664014,João Dias
3645432,Lourenço (3)
4550658,Lia Sampaio
4550659,Celso Lessa
2546461,Antonio Peticov
3472261,Franklin Duarte
1611409,Dido Oliveira
3365989,Antonio Guerreiro Bogado
335003,George Marino
3401602,Bernadete Porfírio
4581223,Amanda Mariano
4581226,Bruno Lima (3)
4581225,Derick Rocha
3895634,Ezio Dal Pino
1106098,Haroldo
723588,Monica Millet
4581228,Bruno Santos (3)
1624318,Netinho (2)
304759,Byron Miller
2149629,Gustavo Benjão
695810,Luiz Carlos T. Reis
3764602,Ale Age
695815,Mílton Manhães
695814,Orlando Leme
3472266,José Nogueira Neto
629855,Dico
629858,Chacal
3165285,Daniela Dacorso
326637,Vivian Joseph
256882,Leny Andrade
256881,Som Três
3215226,Hélio Rozemblit
256884,Antonio Adolfo
3083957,Kauss
358333,Ruddy
3083954,Expedito Ales
1329796,Marcelo Callado
1329794,Igor Ferreira
1329795,Ricardo Dias Gomes
3742313,Graciliano Zambonin
251725,Jorge Degas
3596194,Carlinhos Signorelli
262442,Edith Oliveira
3771937,Lecy Brandão
684917,Barroso
199004,Stefan Obermaier
406673,Dorival Caymmi
3128976,Adonias Souza Júnior
823978,Alexandre Rabaço
2445793,Wellington Moura
2445790,Viviane Godoy
2445791,Frado (2)
3662899,Soft Samba
405325,Mike Aarvold
510660,Cassio Duarte
2253104,Portinho E Sua Orquestra
4441349,Ademil
2819103,Rogério Sganzerla
1536990,Edeltrudes Marques Da Silva
4508534,Edson Cortes
397535,Amilton Godoy
4356016,Simão Nacional Orquestra
3231760,Paulo Chamusca
4356014,Chico Viola
269449,José Carlos
3182972,Verônica Casetta
2801628,João Carlos Assis Brasil
1790961,Bidu Cordeiro
3881565,Daniela Oliveira
1790963,Marlon Sette
3349896,Suely Rodrigues
4508530,Ayrton Seixas Jr
1790964,Nina Becker
4508532,Don Fla
4508533,João Ataíde
2081847,Ricardo Leite (2)
4243819,Ricardo Botelho
4243818,Jaime Moreira
4243817,Ivo de Alencar
3577654,Marcia Ferraz
4375729,Marisa Alves
329161,Hugo Fattoruso
329160,Charles Johnson (2)
368029,Jorge Aragão
329162,Ruben Rada
321323,Victor França
2761258,Luiz de França
2106536,Franco Fontana
300156,Luiz Carlos Vinhas
297260,Jamil Joanes
636575,Jorge Guimarães
2685223,Rafael Vernet
263472,Johnny Mandel
297266,Ariovaldo
1133451,Ricardo Dias (4)
981169,Alcatraz Black Band
1948512,Abd Chaffar Hammury
1948517,Ricardo Essecy
411706,Silvana
1076914,Mauro Motta
265148,Antonio Perna
3104488,Conjunto Sambacana
751097,Cristóvão Bastos
708663,Jorge Ranevsky
265145,Moacyr Albuquerque
708661,Luiz Alves
265147,Lanny
708667,Frederick Stephany
751094,Jorge Simas
708665,João Rebouças
265143,Rogério Duprat
216415,Charles
3679031,Joubert
2107804,Luiz Guilherme D'orey
854188,Daniel Bordini
1909494,Andre Midani
636572,Edu Oliveira
1184332,Marina Oliveira
662665,Marcio Mallard
3539641,Grimaldi D. Gomes
1741137,Adriana Pittigliani
2838242,Carlinhos(Bala)Gomes
364107,Slim Batteux
799175,Eugenio
583194,Rubao
799177,Zé Guilherme
1472385,Os Catedráticos
191614,Marly
471962,Alceu Valença
182168,Paulo Moura
779339,Lucas Martins
2669556,Carlos Castilho
3215223,Somax
3215224,Arley Pereira
688845,Edmundo Maciel
658353,Marinho Boffa
4226131,Carlos Milhomem
4226130,Caio Veloso
4226133,Huaska
4226132,Júlio Mucci
2288371,Marcos Hermes
326635,John Graham (2)
477394,Bill Perry (2)
791029,Zé Renato
1630458,Crispin Del Cistia
4591317,Rogério Viana
2492063,Sérgio Caetano
360330,Gonzaguinha
966154,Marku
863757,Marisa Fossa
583197,Eduardo Assad
1485212,Maurício Tagliari
583195,J.P. Soares
3967112,Antonio Jorge
1008498,Tito Madi
3967110,Hans Limmer
3967111,Chico Moreira
3887889,Voltaire Muniz de Sá
3887888,Walmar Gama De Amorim
257442,Toninho Ferragutti
856948,Magro (4)
367920,Werner Müller Und Sein Orchester
583198,Arlindo
31548,Junior
1463337,Eduardo Remalho
1630514,Ricardo Carvalheira
226423,Fernando Brant
477267,Mingo Araújo
846674,Eduardo Magallanes
3677996,Heloisa Viegas
401959,Wesley Rangel
771039,Roberto Jorge
2843640,Irmãos Valença
317191,Sivuca
3632998,Lusinete Da Hora
317192,Tutty Moreno
317195,Sergio Bardotti
1818370,Jorge Zarath
1441753,Mallu Magalhães
317196,Mauro Senise
3282623,Edgar Batista
3632995,Vasco Borges
3282625,Gino Alfonsi
3282626,José Pinto (2)
3282627,Franco Paulino
2009792,Paulo Cotrim
3639986,Wilson Rodrigues Poso
479394,Claudio Nucci
3639984,Janaina Abreu
4575525,Júlio Vicente
4575524,Irupê
701129,Waldiro Frederico Tramontano
701128,Joab Lopes Teixeira
701127,Gilberto D'Avila
539243,João Jorge
1903506,J.C. Mello
2835436,Hélcio Do Carmo
1856829,Cristiane Britto
389805,Alexandre Kassin
906211,Marcus Beaumont
906225,Julie Bassett
3787705,David Alexandre Oliveira
4201849,Orquestra Do Sindicato Dos Músicos Profissionais Do Rio De Janeiro
3789066,Dom Salvador Trio
906214,Reuben Morgan
637816,Russell Fragar
83772,Nara Leão
3366665,Augusto Lima
83770,Gal Costa
83771,Ivan Lins
4091395,Joabe Reis
910719,Ieddo Gouvea
751470,Negão
751472,Gil (6)
751473,Léo
751474,Magaita
751475,Silvio Luís Richetto
1122559,Christovam Neumann
433128,Germano Meneghel
433127,Lazinho
751479,Grande
433125,Mauro Almeida
433124,Reni Veneno
2691899,Eugenio Orlando
605992,Helio Alves
4509801,Reinaldo (3)
2819746,Roberto Nascimento
917701,Sombrinha
1911311,Missionário José
132510,J. Thomas
3283377,Nilo Sérgio Filho
725656,Garoto
725655,Rafael Azulay
2898748,"Mané Do ""Arte-Final"""
2898747,Fredd (4)
318932,Chico Batera
2898745,Michel (55)
226425,Paulo Sérgio Valle
2898743,Zé Roberto Peninha
4165189,Kadu Lambach
95088,Ron Carter
1554394,Marcelo Pompeu
3367600,Regis Danese
400767,Paulinho Da Viola
2727718,Ano Luz Design
226428,Pascoal Meirelles
1278517,Augusto César
226429,Arthur Maia
2696449,Cidinho E O Som Tropical
3822385,Luiz Mergulhão
2670530,Tadeu Valério
2670532,Giorgio Bariola
3856454,Antonio Cândido (2)
3131099,Femia Shirtliff
3649371,Mauricio Takeda
279707,Manolo Badrena
673227,Jorginho (2)
3677995,Evelyn Ferman
4195593,Glan (2)
413753,Baiano & Os Novos Caetanos
327473,Stan Agol
19134,Mario Caldato Jr.
844125,Norival Reis
844124,Darcy Da Cruz
3573635,Silvano Martins
3573630,Lavoisier Santos
3573631,Rogério Barreto
251983,DJ Cia
4163657,Bruna Valença
2004514,Juarez Barroso
844128,Alberto Arantes
3365990,Flamarion
735750,Mutinho
4581230,Diego Lyra
3764594,Osmário Estevam Júnior
4581232,Probo
3764596,Jacson Vieira
3764591,Rogério Leitum
4581235,Duda Rasta
2149630,Gabriel Bubu
736210,Niquinho
1677798,Frederiko
3772960,Sylvio Túlio Cardoso
4232248,Carolina Monza
3918,David Byrne
2221359,Pixote
4570291,Vitor Malheiros
906198,Paul Peipman
2154462,Waldir Calmon And His Orchestra
252966,Rudy Van Gelder
253028,Paulo Junqueiro
547723,Reinaldo Arias
253026,Frejat
511070,Jose Carlos
171987,Camarão
758404,Luiz Roberto
3998373,Ed Keffel
1262251,Odette Lara
2272499,MZK
3515668,Neocir
1393973,Ehud Asherie
2610681,José Mauro Pires
1402463,Ritmistas Brasileiros
3515666,Luis Guides
3511320,Clalu Serma
3515662,Angela Regina
440351,Lewis Robinson
531167,Carlos Savalla
1345948,Maria Celia
531169,Osmar Zan
3020777,J. F. Blumenschein Filho
324079,Lino Crizz
849046,Xande de Pilares
3901131,Thiago França
1938548,Ciro Ney
2123029,Roberto Cerqueira
2123028,Edson De Almeida Santos
702359,Mário Reis
382223,Dalmo Beloti
412833,Bunt Stafford-Clark
2123023,Jeferson R. Farias
2123027,Ailton Renier
2123026,Júlio Cesar
2123025,Geraldo Nazaré
2123024,Edilson Rodrigues
611870,"Nelson ""Flaco"" Padron"
369968,Tom Size
649867,Marcio Menescal
2422882,Xangô Da Mangueira
3639985,Bento H. Andreato
2100010,Didá Banda Feminina
1563790,As Gatas
2661760,Paulo Breves
95537,Johann Sebastian Bach
1360931,Sidney Morais
253433,Joe Osborn
273915,Mark Stevens (2)
1029320,Conjunto Nosso Samba
1815624,Ayrton Mugnaini Jr.
1942442,Nilo De Paula
1942441,Aldo Luiz
1712090,Zé Henrique
274890,Rita Lee
1066325,Juan Arcon
536785,Barrosinho
536783,Carlos Darcy
536782,Lucio Da Silva
536780,Abobora
3854099,Bezerra
4375735,Roberto Colossi
348405,Milton Miranda
4243808,Nalvinha
2230456,José Antonio Llop
1316721,Amaro
4243805,Ruriá
533553,Luiz Tornaghi
4243807,Roatã
253248,Jaques Morelenbaum
3626808,Penna Prearo
274096,Lu Lu Ferreira
329159,Kerry McNabb
274093,Claudio Miranda
2689260,Douglas Antunes
2689261,Gustavo Cecci
2689262,Daniel Nogueira
2689263,Cuca Ferreira
2689264,Rômulo Nardes
441913,Eddie Mordue
2244148,B Plus (2)
4225100,Tufic
1948500,Lena Frias
927177,Marcelo Maia
1948502,Ubirany
1948503,Ano Luz
1948504,Copacabana (2)
1495108,Joel Nascimento
1948507,Thadeu Valério
1755866,Fogueira
1755865,Fogueira Três
1755864,Haroldo Jobim
3577655,Marcio Werderits
3371925,José Vidal
17090,Bebel Gilberto
1184329,Hugo Leite
1184326,Abdula
1184327,Mombaça
1184320,Nicolas Stawski
3725005,Mauricio A. Rigoni
1184323,Sergio Picciani
14045,Two Man Sound
1907811,Luiz Pessanha
4573584,Mestre Esmê
4579913,Dunga (5)
2097014,Chico Anysio
1988240,Alejandro Ramírez
4573583,Syles E Seu Conjunto
4175122,Marc Chillet
558247,Rafael Rocha
3931362,Dalton De Luca
2594217,Joel Do Bandolim
307942,Bernie Grundman
232216,Arnaldo Saccomani
4557816,Nana (39)
294306,Caterina Valente
3976703,Jair Santos
1818527,Geraldo Vaspar
703557,Novelli
1157395,José Milton
1157397,Luiz Ayrão
315789,Vinicius De Moraes
315787,Nelson Motta
315784,Zimbo Trio
315785,Rubens Barsotti
481057,Abel Ferreira
4591319,João Carlos Ribeiro
2440513,Cristina Berio
2209463,Gabriel Bahlis
772123,Claudio Farias
772122,Wilson Medeiros
772125,Vaner Alaimo
772124,Cilene Roso
1914293,Giovanni Bianco
4585728,Satyro de Almeida
3527302,Lilian Sapucahy
322413,Joy Yates
4394199,Eduardo Vasconcelos (2)
4394198,Aline Alves
2017907,Bruno Batista
2422734,Aracy Côrtes
4367168,Alberto Gandelman
1019832,Geraldo Bongô
1355841,Jeff Sabbag
1355840,Endrigo Bettega
1355842,Mário Conde
1731,Randall
2340736,Swab (2)
1945133,Thais Do Amaral
2083303,Geysa Adnet
2083302,Maysa Chebabi
2083305,Gê Alves Pinto
2083304,Flávia Oliveira
2192333,Zé Nigro
2340735,Zeca Da Cuica
1901183,Ronaldo Viana
172875,Joe Davis
3723376,Gastão Junior
718485,Tony Mason (3)
2158102,Paulao
3031973,Waldomiro
320286,Cyro Pereira
2011065,Tárik de Souza
375293,Pupillo (2)
2011066,José Roberto Cruz
254830,Los Hermanos (3)
417851,Nonato Y Su Conjunto
2294150,"Messias, Renato E Castro"
2070373,Katsunori Tanaka
1856830,Leticia Ivo
1856832,Josie Fernandes
2294151,Ana Amélia Macedo
2300809,Livio Campos
1467935,Vidal Franca
533958,Luizão
1794724,Guti Carvalho
83741,Johnny Alf
83740,Eumir Deodato
610224,Pierre Watteau
1354648,Osmar Furtado
1354649,Cesar (8)
610223,Eduardo Chermont
1613272,Lenita Bruno
1725429,Paulo Sérgio
182193,José Mauro
89907,Liminha
2666999,Paulo Salomâo
1022719,Fluxo
143041,Adam Kidron
23109,Victor
662232,Aldir Blanc
751469,Silvia Araújo
751467,Bira (3)
751466,Gilmário Macaé
4012433,"Richard Zirinsky, Jr"
447686,Roberto Menescal E Seu Conjunto
863759,Solange Rosa
863758,Tavinho Fialho
751461,Tania Lemke
751460,Ubaldo Versolatto
89696,Ronald Mesquita
4322535,Aloisio Silva
3777256,Andréa Lima
2491191,"Carlos ""Cacá"" Lima"
3001308,Fausto Canova
2491190,Passo Torto
3813893,Francisco Falcon
59187,Cibelle
1338919,Márcio
2898758,Vera Coutinho
751476,Francoise
1036888,Takayoshi Manabe
1724265,Elias Muniz
2898755,Tenílson
2898756,Quirino
1724266,Marlene Mattos
1338916,João Da Bahiana
2898751,Toninho Pinheiro
2898752,François (17)
1036880,Bartolo
751478,Ringo (9)
3456228,Lêca Do Atabaque
1731688,João Baptista
433126,Tania Santana
1352526,Teresa Cristina
1926093,Almaz (3)
3343859,Carlos Mancuso
78,Azymuth
524621,Claudio Jorge
2292609,Julio Ortiz
3456223,Carlinhos Do Repique
3887270,Fernando Melo
4508586,Gesiel Nascimento
2112919,Hugo Belardi
4142134,Wanderson Martins
4142135,Felipe (18)
4142133,Marcos Alcides Esgoleba
4142131,Carlinhos Dr.
2691972,Nabar
2691976,Unacam
2691978,Toco Preto
906200,Steve McPherson
1233105,Luiz Caldas
3573642,Luís Carlos Adan
3030383,Turma Da Gafieira
2219742,Eddie Moyna
792993,Roberto Roberti
2823457,Eduardo Clark
358131,Maria Toledo
3742314,Luis Piazzetta
127402,Peter White
1978530,Paulo Cesar Succar
3787704,Flávia Souza Lima
979567,Pedro Fontanari Filho
4039294,Rick Warm
4039293,Junior Aguiar
695833,Ricardo Galeno
3013798,Bokaloka
2182938,André Jungman
979568,Jorge Alberto Pino
702213,Nonato Buzar
4470441,Conjunto Baluartes
3695943,Luizão Paiva
312496,Marcelo Sussekind
492681,Marilia Medalha
340321,Maria Creuza
2124838,Lucio (3)
1059899,Cosme Do Pandeiro
359082,Dick Bogert
3441371,Toca Do Coelho
706774,Jurandir
3441372,Carlinhos Kaskata's
1059893,Roque Do Plá
1059892,Adylson Godoy
338349,Paulinho Boca De Cantor
1059890,Edson Menezes
2392760,Tenério Jr.
1059894,Laelso Da Cuica
531171,Bibi Ferreira
2135019,Maurício Quadrio
2440525,Marciso Carvalho
3290187,Genaro Da Bahia
1345952,"Carlinhos ""Pandeiro De Ouro"""
706762,Velha Guarda da Mangueira
1171536,Roberto Sion
1938550,Marcos Antonio Galvao
3389907,Carla Perez
1938552,Paulo Leivas
2414665,Orquestra RGE
706764,Mário Guida
842560,Kenny Baker
289429,Rubinho
2154877,Ailton Reiner
3596191,Gabriel Aguiar
906204,Karen Hammond
706766,Nelson Sargento
889041,Chiquinho de Moraes
2123031,Luiz Assis
2123032,Washington Luis S. Santos
289425,Altamir Téa Bueno Salinas
1976874,Marcelo Valezi
289427,Alexandre Ramirez
2154879,Ramos De Jesus
3596189,Felipe Reznik
3596188,Marcos Ozzellin
632716,Branca Di Neve
1354073,Marco Basílio
1354072,Alessandro Cardoso
527194,Tommy Whittle
1354075,Evandro Lima
1354074,Marquinhos China
376076,Laudir de Oliveira
4271223,Antonio Luiz (3)
2898744,Pecci
215605,Wilson Simonal
69072,Daniela Mercury
671000,Bob Archibald
135191,Bill Haley
510448,É O Tchan
409412,Tomas Improta
14077,Milton Banana
3231762,Daniela Tourinho
490049,Sérgio Sampaio
490048,Humberto Teixeira
3041018,Mairton Bahia
3041019,Dino Cesar Faria
1381909,Passarinho
3625955,Adelmo Tenório
1881329,Pedro Luis
3245748,Sebastião Fonseca
688316,David Corsos
1721427,Tunai
688318,Gabriel Moura
3245743,Trio Surdina
1881322,Arthur Dutra
1657634,Cezar Mendes
3646224,Gregorio Goulart
1881326,Pantico Rocha
1948534,André Teixeira (2)
2135346,Fafa Lemos And His Orchestra
1077514,Luís Bolacha
252819,Gene Byrd
1079042,Mauricio Fleury
3921191,Gilliat Pinto
902050,Gilmar Bolla Oito
198451,Pena Schmidt
2185119,Gabriel Wickbold
981148,Bolão
4569264,Sérgio Rouver
1237939,Julio Barbosa
2185117,Poli Brandani
358469,Beth Carvalho
981145,Renaldo Maziero
3696163,Wellington Coelho
2257406,Ramon Sanahuja
400053,André Werneck
3448520,Jatoba
2320325,A Turma Da Pilantragem
2257409,Tebaldo
1184319,Mariana Jorge
164519,Pierluigi Giombini
4269722,Nerize Paiva
3700931,Maurilio E Barreto
2635757,Núbia Lafayette
1184313,Douglas Nascimento
1184312,Fábio Miudinho
1184315,Marquinhos Nascimento
1184314,Julien Martins
1184316,Max Junior (2)
267704,Paul Mazzolini
255082,Raulzinho
255083,Aurino Ferreira
255080,Edison Machado
255084,Edson Maciel
255085,Sebastião Neto
899090,Jorge Lima Menezes
121068,Claudia
4269720,Conjunto Mocambo
1256766,Guio De Morais
2177569,Chris Perry (8)
2586092,Ruth Freihof
3265014,Nelson Mielnik
2857921,Walmir Teixeira
315799,Ricardo Rente
315798,Tobi (4)
3265012,Ernst Palenewen
3265013,Ronaldo Mazziero
3247678,Jacinto José
315794,MPB4
315796,Roberto Santana
1926588,Jorge Ben Trio
315790,Aloysio De Oliveira
315792,Perinho Albuquerque
3431022,Waldir Santos
4440760,Os Satélites
207963,Golden Boys
3088402,Capacete
2109128,Wagner (12)
2689259,Décio 7
2689258,Bixiga 70
58353,Sérgio Mendes & Brasil '66
4575431,Peninha Imagem
2294919,Braguinha
326066,Roberto Bastos Pinheiro
4163655,Pedro Gerardo (2)
2030768,Ibere Gomes
30486,Stan Getz
2355986,Sutinho
2355985,Flavio Neves
1721805,João Batista
3053632,Francisco Inácio
552932,Copinha
4425582,Barrozo
552937,Alfredo Bessa
2830799,M. Rocha
2130102,Antonio Barrozo
2119386,Hermes Contesini
143878,Simone Moreno
115635,Erich
487265,Don Lusher
3215681,Zequinha
939769,Bruno Trocoli
4569284,Hariton Nathanailidis
2622285,Juarez Araújo
164486,Jacques
1614498,Alberto Das Neves
2312365,Júlio Teixeira
432454,Prateado
432455,Grupo Ke-Ki-Ha
2369696,Wanderley De Olanda
2369697,Jorginho Do Império
432453,Lobão Ramos
4121572,Tobias (38)
1787653,Airton Lima Barbosa
525292,Mark Fraunfelder
84408,Robbie
533961,Paulinho Braga
533962,Marçal
533963,Bira da Silva
533965,Doutor
533969,Luigi Hoffer
417860,Osmar Milito
416599,Suka
3594060,Jauperi
356210,Luizao Dantas
169989,Eberhard Weber
183340,Marlene
591167,Ed Cortes
591162,Edmilson Capelupi
591163,Nahor Gomes
3151146,Marcelo Faustini
4502149,Sepé Tiarajú De Los Santos
76653,Lorenza Johnson
3065949,Perto Da Selva Produções
863760,Ricardo Cristaldi
226971,Kaoma
863763,Nina Pancevski
584361,Carlos Oliva
1256883,Norman Keller (2)
2643270,David Ganc
1720623,Evaldo Santos
1633834,Carlinhos Vergueiro
206367,Waguinho
3537024,Fernando Rebelo
59406,Baden Powell
4204571,Mazolinha
2898769,"Valtinho Do ""Arte-Final"""
2898768,Nahor
881918,Fernando Carvalho
3946279,Carlos Moura (2)
2898761,Cacá (2)
2898762,Pérsia
4182943,Hélio Santos
2898764,Renato Pomba-Gira
4332320,Alberto Vilar
1354119,Ferreti
751078,Marcílio Lopes
751079,Ize Sanz
718702,Zé Luiz
751074,Mello Menezes
751075,Ovídio Brito
751076,Dirceu Leite
751077,Paulo César Pinheiro
751070,Rixa
3646229,Luca Maciel
751072,Analimar
564073,Alexandre Silva Martins
2035593,Calixto Corazza
2175717,Robson Souza
1488799,Jorge Davidson
2617953,Maria Gil
751096,Marcos Esguleba
2514554,Mafra
662662,Jesuina Passaroto
662664,Paulo Sérgio Santos
751093,Ivan (14)
751091,José Sartori
662668,Bernardo Bessler
662669,João Lyra
751099,Walter Alfaiate
831603,Os Caretas
1906971,Jorge Nascimento
1487907,Primo Trio
3328933,Mart'nália
257153,Dean
2760167,A Parede
1170050,Daniel (34)
1490763,Alexandre Maurel
750412,Iran Fortuna
750415,Demétrio
750414,Sérgio Sá
750417,Arlindo Bonadio
318939,Durval Ferreira
318936,Roberto De Carvalho
318935,Raimundo Fagner
393641,Banda Reflexu's
318933,Fausto Nilo
435642,Felipe Tichauer
318931,Guti
319931,Joachim Ernst Berendt
3557767,Julie Sayers
2811606,Getúlio Júnior
3764574,Felipe Julian
3764573,Adriana Aranha
1537027,Pedro Amorim
319932,Elizeth Cardoso
326644,Bob Efford
1455334,Daniel Farias
1455335,Swami Jr
3608764,Flávio Goulart
856734,João Nogueira
326082,Claudio Slon
603532,Jane Duboc
3458268,Jurema de Cândia
456265,Paulinho Tapajós
3786989,Ronny Bueno
2846710,Sergio Albach
896490,Ruben Fuentes
1059888,Pintacuda Do Cavaco
3786986,Oliver Pellet
735751,Gloria Piccioni
906210,Donia Makedonez
3573639,Putuca
3315415,Alex Meireles
3408341,Jhones Silva
1285436,Dirceu
3786985,Marcio Schuster
2914382,Marcio Malard
1874512,Valdir Siqueira Da Silva
505070,Jovino Santos Neto
4581233,Saulo Santos
684927,Renato Teixeira
551782,Leci Brandão
684924,Nelson Cavaquinho
1361158,Aladim
643303,Pedro Luís E A Parede
88228,Flora Purim
1839727,Lewis Heriz
880797,Eduardo Alonso
1718545,Zé Nogueira
1052868,Ataulfo Alves
250447,Braz
2643672,Joel Teixeira
480806,Alan Downey (2)
1354069,Bernardo Dantas
1354060,Pelé (3)
1354061,Serginho Procópio
3596190,Geraldo Martins
1354063,Alfredo Del-Penho
1354064,Bianca Calcagni
1354066,João Callado
1354067,Ana Costa
46719,Gerson King Combo
304677,Alê Siqueira
46713,Banda Black Rio
1899601,Lelena Anhaia
46717,Antonio Carlos E Jocafi
1563772,Jurim Moreira
1366895,Eduardo Ramalho
65743,Claudio Roditi
51994,Pablo Flores
722030,Angela (7)
861061,Paulo De Tarso
1383195,Milton Rodrigues
3674688,José Leocádio
21056,Dom Um Romao
1726296,Anderson Leonardo
3282645,Jorge Milas
3759110,Carlo Filipe
806410,Alfredo Borba
2350823,Duda Simões
4368987,Lew Parella
3761054,Marcelo Spindola Bacha
1605724,Franklin (5)
2350824,Raquel Jorge
2246189,Só Preto Sem Preconceito
1354113,Cleber Augusto
2455986,Jorge Teixeira Da Rocha
326464,Armando Marçal
140234,Roberto Menescal
1709562,Paulo Freire
4487205,Sidney Marzullo
1514997,Ricardo Ferreira
1948528,Clark Kent (8)
4423519,Luiz Pessanna
2691983,Antônio Ramos
269417,Patrick Dillett
756972,Pedja Babic
4569272,Paulo César Souza
1654713,Sonia Braga
3700929,Toninho Sossego
4569276,Vitor Nogueira
280221,Kassin
3700927,Jorge Garrafa
4246858,Pedro Coelho (2)
392426,Bezerra Da Silva
392425,Aramis Barros
2107838,Tião
695797,Zé Catimba
797928,Boghan Costa
797929,Everaldo
3568735,Bira Presidente
3544198,Macaxeira
1354803,Paulinho do Pandeiro
1354801,Esguleba
179575,Rique Pantoja
1173703,João Roberto Kelly
1173705,Walter Wanderley & Seu Conjunto
1173706,Antonio Carlos Jobim & Orchestra
741620,Heraldo Do Monte
2285261,Paulo Lavrador
3563169,Ricardo Bolinha
418870,Sandra Regina Gonçalves
409625,Reginaldo Gomes
2812142,Nivaldo (2)
2812141,Gê
1873163,Nelson Luiz
1873162,Adyr José Raymundo
1873161,Jorge Marinho
1873160,Ademar Rocha
410911,Xuxa
2374528,Sérgio Lopes
1605752,Élcio Soares
1009157,Dudu Portes
1009155,Natan Marques
3041601,Ray (56)
856637,G.R.E.S. Acadêmicos Do Salgueiro
3403487,Albino Infantozzi
558429,Pedro Sá
761662,Alfredo Bello
312060,Chico Buarque
665598,Don Chacal
3789645,P. H. Castanheira
101208,Erlon Chaves
1319119,Romildo
2584554,Januário Garcia
4099263,Evandro Fióti
9051,Wally Badarou
3233083,Sérgio Lemke
1836296,Vitor Santos
1957819,Raimundo Nicioli
736807,Beto Guedes
736808,Reny R. Lippi
3668317,Fabiano Lacombe
3764522,Oldinei Fernandes
41451,Virginia Rodrigues
4569295,Ivan Alves
41453,Carlinhos Brown
3515669,Zerere
4569298,Luiz Trevisan
4569299,Antônio Carlos Campos
2790334,Pé Ante Pé
3764525,Rodrigo Pinheiro (2)
706782,José São Paulo
4586748,Philippe Neiva
876218,Celinho
706785,Josimar Monteiro
709360,Jairo Pires
1650897,Chico Chagas
797451,Toca Ogan
3749715,Mariana Imbassahy
1081916,Paulo Tito
797456,Gira
823671,Sandoval
533971,Ney (2)
533970,Ary Carvalhaes
2285260,Hamilton Cordoba
1389050,André Marques
2804588,Discos Continental
667548,Margarida
299067,Marcelo Bonfá
2804584,Gravações Elétricas S.A.
299069,Dado Villa-Lobos
2804586,Discofita Distribuidora Ltda.
2804587,Eusébio Cardoso
356222,Leo Moreira
1362994,Jorge Teixeira (2)
3339917,Angela Marcia Pereira Da Silva
3560720,Ricardo Calafate
1262878,Fernando Fischgold
961600,Toquinho & Vinicius
394695,Bernardo Vilhena
394694,Waly Salomão
2749371,Antonella Pareschi
2251255,Os Brasileiros
472400,Andy Earl
1715193,Guerra Peixe
91284,Loca
2898771,Davi (3)
451779,Charlie Murciano
765968,Capinan
1816653,Farofa Carioca
3789648,Hamleto Stamato Trio
31617,Chet Baker
1212772,Ret
559971,Domenico Lancellotti
1376100,Laci Moraes
549713,Marcelo (2)
3787706,Thyago Braulio
3259291,Ney Vianna
2559306,Oswaldo José Sbarro
2073132,Luis Cláudio Coutinho
2073131,Orlando Abrunhosa
3104609,Karametade
4571639,Armando Sinkovitz
662667,Michel Bessler
510174,Jon Cowherd
751085,Andréa Ernest Dias
751084,Jayme Vignoli
284285,Gordinho
751081,Rildo Hora
662678,Paschoal Perrota
662676,Ricardo Amado
322171,Flavio Faria
662674,Walter Hack
662673,João Daltro
322175,Luiz Gonzaga
758788,Fernandinho Beatbox
815685,Tiberio Gaspar
300988,Alex Malheiros
300989,Ivan Conti
156054,Mauricio Einhorn
2772680,Peter Keller (4)
156051,Quarteto Em Cy
750429,Aristeu
2182731,Mané Do Cavaco
750424,Clemente Capella
750425,Geraldo Aurieni
961599,Aracy De Almeida
3833020,Eugenio Martins
35022,Herb Alpert
208877,Daniel Ganja Man
750423,Silvio Oliani
4386709,Duda Mendes
170509,Carlos Lyra
1390959,Z.S. Oliveira
4386706,Marcelo Lombardo
4386705,Bóris (56)
4386704,Tiola Chocolate
2129406,Walmir Borges
496894,Sergio Motta
1975476,Renata Lú
751100,Sereno (2)
1618991,Carlos Monteiro De Souza
4583556,Ademar Andrade
3573619,Cláudio Fagundes
360636,Kevin Robinson (4)
4591326,Fernando Pires
960517,Pachequinho
4591324,Antonio Kimiaki Imasato
4591323,Serginho Salles
4591322,Juninho Star
4591321,Juliano Pires
326079,José Marino
2184779,Wagner Barbosa
2119375,Américo (2)
960518,Edgardo
1827191,Lu Horta
397021,Harry Bruce
2890314,Carmem Costa
397022,Alceu Maia
1493670,Marcos Salles
3573617,Partha
1571921,José Carlos Teixeira
4521858,Reinaldo Cesar de Souza
498145,Vincent-Marie Bouvot
3484075,As Meninas (4)
977472,Odibar
977470,Webster Santos
287132,Jean-Claude Bonaventure
702308,Walter D'Avila Filho
145279,Claudette Soares
46714,Toni Tornado
1688759,Época De Ouro
1354057,Paulo César Figueiredo
1354056,Moyseis Marques
2072628,Cesar G. Villela
1354058,Pedro Miranda
3041213,Aldo Vale
4038765,Alberto Rego
1239769,Nathan Rosborough
4362440,V. D. Lacerda
8699,Astrud Gilberto
3772959,Nilton Valle
2630966,Luiz Cláudio
3233835,Aldemir Martins
1032946,Anjos Do Inferno
3180118,Liber Gadelha
1873159,Gilson De Freitas
649381,Guilherme
438893,Ara Ketu
670795,Zeca Assumpção
4226555,Nelsinho (3)
491552,Sergio Seabra
491553,José Celso Guida
751477,Douglas Felipe
167876,Arthur Verocai
942477,Mario Patrón
3031157,Jurandir G. Silveira
3231749,Plis
1710299,Pipo Spera
3064152,Zoy (2)
2347495,Duofel
437405,Nigel Hendroff
2295838,Juliano Polimeno
906229,Damien Bassett
344816,Portinho
1573944,Russo do Pandeiro
1573942,Carlos Lentini
1573943,Jararaca E Seu Conjuncto
1573940,Nei Orestes
1573941,Almirante
4142096,Zé Festa
2606451,Américo Lima
2115844,Celso (2)
3757634,Bruna Peixoto
2115846,Franklin (8)
639753,Octavio Bailly Jr
4570282,Rita Geaquinto
337190,Joaquim Paes Henriques
2760180,Fernando Trocado
797937,Dedé
797934,Elber
797933,Paulinho
46709,Grupo Arembepe
154066,Samba Soul
2271970,Rodrigo Faour
878616,Trio Elétrico Tapajós
962820,Ana Terra
418869,Ricardo Chaves
1808017,Ederaldo Gentil
1945126,Adriana Ramos
1945129,Normando
1195890,Quarteto Guerra-Peixe
1195891,Mariana Salles
1195892,André Vasconcellos
524617,Elaine Anderson
3031974,José Xavier
466572,Fabiano França
432239,Ginga Pura
591547,David Corcos
3393027,Chris McGowan
626769,Paulo Jorge Ferreira
265055,Dennis Chambers
481063,Wilson Moreira
365902,Billy Lang
2963483,A Voz Do Morro
1978527,Jorge Salim Filho
3546985,Bob Auld
147352,Al Newman
1441469,Geraldo (8)
123423,Vera
2703772,Pedro De Moraes
10464,Tania Maria
1121423,Cesare Benvenuti
465904,Tom Zé
4585729,José Barreto (2)
1329923,Teo Lima
3668319,Sol Azulay
736811,Lindolfo Gaya
736810,Jorge (3)
736813,Zilmar
736812,Nivaldo
736814,O Povo
3913031,Nosso Trio
2210409,Art Popular
3668321,Henrique Bandi
147827,John Dent
2926466,Bezerra Da Silva E Os Partideiros Nota 10
3668322,Fernanda Gabriela
252821,Keter Betts
3668324,Wladimir Pinheiro
252822,Bill Reichenbach
847922,Monaco Ball Orchester
2045813,Jorge Vianna
2628823,Romeu Giosa
2628821,Milton Rodriguez
4424204,Aladim (3)
3019873,Ararypê E Seu Conjunto
1536063,Tangerina
2251889,Mariano Martins
3019870,Maurício
15161,Os Mutantes
1854794,Nelson Faria
524611,Lee Kaiser
4112450,Ejaziel
691479,Julinho Mancha
1877484,Wagner (11)
2071695,Renato Corrêa
1833914,Ricardo (27)
322512,David Horler
306110,Talya Ferro
914294,Nailor Proveta Azevedo
1888001,Oberdan Magalhães
4572332,Felipe Gama
2113320,Waldyr Arouca De Barros
4142099,Galhardi
4142098,Helder M.R. Alvares
2137186,Caçulinha E Seu Conjunto
4142093,Ezio Ribeiro
4142092,Silvio G. Fernandes
252003,Luiz Bonfá
4142094,Faninho
1029319,João Sérgio
388350,Alfredo Cardim
1786643,Nenê
1653136,Raul De Barros
296479,Oscar Castro-Neves
3287388,Julio Vera
3552077,Cesar Machado
351051,Luciano Perrone
1803744,Josino Eduardo
2969419,Beto Martins
1419827,Amoy Ribas
1516185,Rubão
219614,Horst Hornung
1464589,Cláudio Conde
1804742,Helio (3)
1809836,Edu Mello E Souza
1039141,Carlos Geraldo
471678,Jota Moraes
981871,Vitor (2)
981870,Alma Brasileira
68564,Orlando
3696596,Ataide Neves
752059,Charles Negrita
339600,Alcione
4530275,Laila (16)
713875,Marcos Adriano
3757630,Manoela Zangrandi
3441015,João Roberto Kelly E Seu Conjunto
4416700,Orquestra Caravelle
475608,Walter Costa
4225099,Paulo (28)
109762,John Stephens
1724631,William Tardelli
497226,Zizinho
2004556,Lobianco
3520847,Carlos Olympio Azevedo Neto
456336,Teco Cardoso
3833019,Jorge Melacrino
50809,Steve Lillywhite
267175,Ralph Mace
3765796,Gerson China
591236,Sylvinho Mazzucca
400913,Jorge Silva
750431,Chicáo
4243809,Feloudo
4386718,Vivi Vigilatto
4386719,Jorghino Soares
2803687,Vero e sua Orquestra
4386711,Didão
4386712,Danilo (25)
4386713,Thiago Santana
4386714,Carlinhos Gonzáles
4386715,Sirley Ferrari
4386716,Hélder Celso
4386717,Edu Pixote
1986946,Kiko Freitas
688140,Neville Taweel
86031,Eliane Elias
4112,Smoke City
2457498,N. De Paula
1266722,Carlinhos Marques
2457496,Genival Macêdo
2457497,Edgar Moraes
1201395,Cissinho
4243806,Gilberto Massambani
4570275,José Benedito
4591334,Vicente Costa
960522,Zezé
2184749,João Lenhari
2184748,Carlinhos Creck
4591332,Carol Santos
4591333,Caio Costa
2184745,Sandália De Prata
2184744,Bruno Prado
2184747,Dado Tristão
2184746,Tito Amorim
2514447,Moacyr Rocha
2514446,Studio Maitiry
2184743,Ully Costa
2184742,Jorginho Neto
1349228,Reinaldo Maziero
2443276,Bruno Buarque
3857818,Metá Metá
397014,Paulo Perira
977482,Arnaud Rodrigues
977481,Renan Ribeiro
397017,Moacyr Marques Da Silva
397010,Zeppa
397011,Michel Cron
1349227,Rogerio Gauss
301113,Carlinhos Da Mocidade
3223320,John Moore (22)
3545504,Rodrigo De Castro Lopes
1070601,Boto
2345120,Marcelo Cotarelli
1380402,Kiko (11)
1653134,Armando Fernandes Mamão
3965902,Grupo Tempero (2)
461609,Olga Albizu
4095513,José Mauro Gonçalves
274091,Paulinho Romao
2691477,Euridice
2345124,Victor Alcântara
3765800,Uccio Gaeta
3765801,Sergio Coelho
3765802,Joel Mueller
3765803,Ravi Solter
2972461,Raphael Rabello
3341085,Bebeto (4)
2182770,Canhoto (2)
51225,Lizzy Mercier Descloux
894970,Raul Sampaio
3764601,Orquestra À Base De Sopro De Curitiba
3764600,Luis Otávio Almeida
322835,Tony Fisher (2)
2689265,Marcelo Dworecki
1715525,Pedro Trigueiro
2689266,Daniel Gralha
2654983,Humberto Araújo
2350809,Rafael Doria
326440,Chris Gehringer
3231758,Felicidade (2)
3231759,Alexandre Moura
3231756,Nilson Cerqueira
3231757,Reinaldo Nascimento
3231754,Jarbas Veiga
3231755,Everaldo Andrade
3231752,Marcos Facão
3231753,Mário Ornellas
3231750,Débora Santa Fé
314265,Hélio Delmiro
452904,Beto Corrêa
1345906,Canhoto
1345900,Raymundo Bittencourt
2804585,Leonel Gualassi
452908,Sidnei Borgani
3677994,Ana Luiza Escorel
1635625,João Biano
745039,Dino 7 Cordas
1573939,Luís Americano
2306653,Greg Vanderlans
2030821,Marcos Maynard
408802,Lula Galvão
408803,Carlinhos
408801,Carlos Malta
3885519,Jorge Luiz Gomes
451000,Balto
3551241,Enio Santos
2214574,Sonia Lemos
1143888,A Turma Do Balão Mágico
1262250,Norman Sternberg
1262252,José Delphino Filho
4269721,Maestro Duda
495997,Eric Persing
4383256,Atan Yerov
3925029,José Paulo Costa
1324547,Banda Do Carnaval
706754,Marco de Pinna
297270,Victor Biglione
2198547,Os Demônios Da Garoa
2338599,Marcos Tenório
2338598,Mosquito (12)
329064,Edu
2271969,Milton Montenegro
4573585,Syles
2727022,Frederico Mendes (2)
689818,Chaim
1610128,José Amaro
2338597,Simões
162675,Gary Unwin
3215225,New Page
2340738,Horondino Silva
2023066,Francisco Gonçalves (2)
2955314,Rafael Barata
1945134,Geraldo Santos
1945135,Claudia Bandeira
367196,Geoff Gillette
2340737,Maurilio
1945130,Dacy Rodrigues
1945131,Hugo Pereira Nunes
3874036,Oscar Bigode
3742462,Sebastião Barbosa
463040,Ana Carolina
341534,Marli
1886304,Decio Cardoso
702894,Geraldo Costa Lima
1702035,"Jorge ""Gordo"" Guimarães"
3563391,Wilson Chaplin
3456229,Ivanildo Santos
2430067,Sérgio Ricardo (2)
387567,Fernandao
53801,Keith Forsey
3456222,Mestre Dom Carlos
3456221,Gil Da Cuica
4563462,Celso Rodrigo
3456227,Paulão Black
3456226,Marcos Vicente (2)
3456225,Léo Leobuns
3456224,Jorge Lou
1978532,Antonio Foguete
3247680,Oséas Lopes
2179053,Ronaldo (9)
856771,Paulo Mendes
604786,Diogo Gomes
3560722,Ricardo Cidade
10293,Arto Lindsay
841195,Exaltasamba
841194,Bira Haway
2093159,Garoto Da Portela
5262,Tenorio Jr.
252818,Buddy Deppenschmidt
2706883,Foguete (2)
3696164,Sergio Granha
3965913,Ney (5)
3696162,Valmir Ribeiro
1029675,Nora Ney
979569,Joaquim Lopes
252811,John Burns
2154885,Fernando Padre
1914149,Viemar
799180,João América
1914140,José Rodrigues Dos Santos
3053631,Eloir Silva
1914145,Arthur Samico Do Nascimento
285716,Baby Consuelo
1914147,Banda De Roberto Sondré
3019867,Ararypê
707157,Michel Verebes
421389,Ubaldo Versolato
1581954,Marcia Ramalho
4322561,Carvalho (3)
4425713,Buby Costa
564076,Daudeth De Azevedo
564075,Nelson Martins Dos Santos
2147454,Emil Ferreira
2147455,Philippe Leon (2)
2147457,Bruno Medina
2042740,Goribeatzz
432485,Jorge Cardoso
307969,Sonia Santos
1053411,Irany Pinto
1053410,Aurinho Da Ilha
751086,Rui Alvim
1053412,Paulo Brazão
808183,Marquinhos (3)
2508376,Raoul Doni
3234409,Luiz Carlos (5)
1184321,Julien Le Monnier
315788,Arnaldo DeSouteiro
981082,Os Disconautas
981083,Gastao Lamounier
2749375,Marcelo Salles
2910534,Espiga
2910533,Toninho Lacerda
859639,Sylvio Rabello
2910530,Fred Dantas
3626952,Sergio Nedal
1011109,Chico Feitosa
695798,Miguel Plopschi
292340,Chico Neves
695794,José Oswaldo Martins
2009432,Lanny Gordin
4575376,Eduardo Chalita
2443282,Mau (10)
1940378,M. V. Camero
1628730,Paul Lieberman
2964404,Dorimar Vasconcelos
256166,Hermeto Pascoal
2392756,Emílio Baptista
4581236,Elias Jr.
833351,Giuseppe Ungaretti
17867,Bill
4225103,Santinho
34244,Max de Castro
3318522,Wagner Vianna
4225105,Eda (9)
3652444,Alexandre Huzak
918343,Haroldo Barbosa
1122558,Kaká
777765,Miltinho
35199,Billy Cobham
604602,Vittor Santos
604603,Ricardo Pontes
3223644,Jorge Karan
1965530,Brasília Ritmos
1031945,Léo Peracchi
361056,Michael Sullivan (2)
706744,Toninho Nascimento
706745,Waltinho
3925104,Maurício Cirne
3817085,Romildo Bastos
3520850,Júlio De Quiroz Neto
3520851,JQN Discos
2942444,José Américo
982328,Paulinho Nogueira
4394206,Suzany Brandão
3314317,Getúlio B. C. Júnior
982326,Bororó
1865689,Pierry Onassis
1865688,Bira Reis
1865683,Tita Lopes
1865682,Chica Carelli
1865685,Luciano Gomes Do Santos
1865684,Beto Do Carmo
1865687,Jaguaracy Esseerre
4071943,Maurício Bertolin
4071941,Odilio Uhlmann
381677,Nick Watson
2491187,Alana Morais
69856,Vincent Kenis
287868,Mauro Refosco
2762368,Walter Firmo
2919809,Pedro Maranguape
2036940,Mark Stevens (8)
4570276,Genaro Macedo
4570277,Almir Paulo
4570278,Jovaldo Guimarães
4570279,Johnson Machado
2184750,Paulinho Sorriso
423958,Evaldo Braga
3385892,Sergio Grecu
397008,Vitor Biglione
1968393,Unilson
1968392,Pedro Lopes (2)
1968391,Mario (48)
1968390,Antonio Jose Castilho
1469779,Nelson Ayres (2)
400271,Martinho Da Vila
392239,Marcelo Martins
392238,Cecília Spyer
400275,Dona Ivone Lara
400277,Jards Macalé
3422648,Juçara Marçal
392237,François De Lima
2679605,Mozarth
2679604,Victor Manga
2679607,Célio
2679606,Hermes Mailton
3874033,José Da Cruz
1215823,Alberto Continentino
3965911,Coral Canarinhos Liceanos
3965912,Coral Aeluah
74755,Ithamara Koorax
245189,Mamao
450995,Theo De Barros
450997,Ayres
450996,Felpudo
3096182,Anthony Weller
2042741,Mestre Xim
2042742,Leonardo Mannarino
2042743,Luciana Playmobile
4620223,Willian Araújo
2154526,Kito Siqueira
101207,Celso Fonseca
450999,Marcus Vinicius
336426,Luiz Brasil
4386725,Luis Menino
1790962,Fábio De Souza
4386721,Juliana Lopes
4620221,Neuza Costa
4386722,K2 Multimidia
2972703,Leandro Vasques
1075645,Helinho
1075647,Toninho Café
3758871,Sérgio Machado
3977574,Pedro de Alcântara
1124480,Carlos Colla
1905206,Ely Arcoverde
3758876,Claudio Oliveira
1171112,Carlos Moura
557430,Conny Jahn
3007641,Rodolfo Sanchez
2687584,Marcos Caetano Ribas
589016,Nilo Sergio
3271908,Severino Arauja
433129,Pierre Onassis
494246,Michael Jones (6)
3596088,Wayner Nascimento
257970,Luiz Marinho
257972,Rubens Bassini
257973,Jorge Arena
4410145,Jorge E Nivaldo
3126625,Orlando Costa-Luigi
369860,Guy Davie
3319535,Flavio Geraldini
2119852,Mike Falcão
3448493,Oswaldo (5)
323464,Sadao Watanabe
3976699,Idalina Dornellas
1032324,Paulo Rocco
3448494,Manoel Do Cavaco
2491189,Kiko Dinucci
772121,Dudu Marques
321583,Daryl Runswick
727247,Marcelo Jeneci
337377,Banda De Pífanos De Caruaru
2209460,Toninho Carrasqueira
1314954,Cesinha
3294331,Jurandir Chamusca
3294332,Sergio Malta
3625254,Gabriel Grossi
816600,José Carlos Machado Ramos
751129,Ronaldinho (2)
52459,David Bascombe
2844521,Jessé Sadoc (2)
1773729,Rodolfo & ET
455052,Rodrigo Lopes
1052869,Nelson Trigueiro
4618256,Zélia (2)
1052867,Sérgio Bittencourt
751082,Cristina Buarque
2134094,Luzia Santana
763303,Eckford/Stimpson
63019,Jimmy Cliff
150878,Nem
1423135,Paraná
1983648,Ayssa Bastos
1122882,Juvenal De Oliveira
3548492,Alexandre Lins
1873158,Mineirinho
2079419,Edson Marques
1873157,Reisinho
1847042,Ivan Klingen
1847041,Ney Tavora
255560,Nat Peck
3375732,Hebe Camargo
3131100,Bobbie Houston (2)
2630567,Rodrigo Lima
1742220,Beto Jamaica
269288,Derek Watkins
906649,Valdecir Nei
380024,Jairo Diniz
2445786,Fernando Tebaldi
380022,Hugo Vargas Pilger
429405,Genaro
2733816,Carlos Odilon
2613904,C. Rebecca
2613905,Swing Total
1914152,Léo Vilar
521540,Marcelo Bernardes
1914150,Bola Branca
521542,Luiz Claudio Ramos
3646228,Hamleto Stamato
929980,Rodrigo Amarante
2736158,Tony Costa (3)
2507577,Tota
650446,Toninho Barbosa
4559767,Soweto (4)
3089395,A.B.R.A. Pré-Ca
1052914,Papão
4548185,Léo Moreira
1052912,Ted Moreno
3470866,Ivan Cardoso
601403,Ângela Maria
328601,Djalma Correa
1052919,Muxiba
4174220,Emiliano Di Cavalcanti
491361,Céu
2209540,Osvaldinho da Cuíca
1354630,Vermelho
564062,Jorge Ferreira da Silva
676327,Julinho Martins
1306094,Andy Plovnick
367521,Torsten Wintermeier
591322,Salvador Trio
211762,Cravo & Canela
591321,Sergio Barroso
1836319,Marcos Nimrichter
1053409,Rudolpho
906205,Rick Petereit
1104837,Paulo Frazão
2296474,Pós Imagem Design
981095,Carlos Arguelles
981094,Reinaldo Camara
981097,Albert War
981096,The Judge's Nephews
2910528,Luiz Milani
906207,Scott Haslem
2594536,Vidal (Pedro Vidal Ramos)
4440827,Peter Thomas (24)
2594532,Iberê Gomes Grosso
849056,João Silva
849054,Marcos Sabóia
849055,Rodrigo Vidal
849052,Marcelo Oliveira
4586429,Zequinha Marinho
849050,João Augusto
849051,Thiaguinho
3131098,Emma Schuberg
4360013,Grep Unidos Do Faça Você Mesmo
2969430,Paulo Pontes
3547706,Dexter Payne
95024,Mick Guzauski
280624,Béco Dranoff
280625,Antoine Midani
1968364,Mario Adnet
63216,Clara Moreno
705534,Luis Carlos (2)
1738904,Bira Hawai
2972691,Antonio Cesar
750421,Sebastião José
2395479,A Banda Do Carnaval
2359196,Jose Menezes
1914028,Geraldo Medeiros
1242605,Toninho
917696,Fundo de Quintal
917691,Velha Guarda da Portela
3708503,Johnny Salles
1636999,Pedro Leão
1319981,Felipe Abreu
1270139,Massimo Becagli
1636990,Alexandre Guichard
3646205,Erivelton Silva
3692588,Josdan
2432511,Mário Manga
706751,Mocinho
3155773,Oswaldo Cruz Vidal
3472250,J. B. Botezeli
3763743,Daniel Migliavacca
706758,Roberto Marques
1669515,RSS1334
319190,Ramiro Mussoto
2471481,Eduardo Andrade
2067207,Nazareno de Brito
3353485,Ricardo Cravo Albin
4440826,Peter Thomas E Seu Conjunto
456223,João Donato
130812,Antonio Pinto
2671114,Edmundo Oliani
253042,Tom Capone
4271720,Costa (20)
4591318,Sandro Francischetti
1904947,Maestro Nelsinho
665588,Charles Challegre
1904949,Luciana Rabello
4591314,Eder Luiz
4591315,Batata (3)
1968384,Lielzo Azambuja
1570003,Agenor Mendes
3692586,As Carioquinhas
3383217,Luizinho Dias
1968383,Jota Velloso
3383219,Luiz Antônio Gomes
3383218,Lúcio Dário
4539271,Bobby Saturno
3387032,Darcio Mario Ract
2184781,Gê Ribeiro
945576,Alexandre Fonseca
526322,Rick Ferreira
2184782,Anderson Vaz
526324,Sérgio De Carvalho
3385861,Fátima Regina
2184787,Ocimar De Paula
2184786,Jefferson Rodrigues
2184789,Anderson Bicudo
2184788,Sidmar Vieira
1247918,Gallo E O Seu Conjunto
1288997,Shantisan
400242,Fernando Moraes
4303352,Sarahysha
430054,Tim Gennert
788493,Tavinho Paes
3759249,Iara Rennó
4306202,José Silva E Suas Baianas
2520180,Betão (2)
919835,Alexander Gordin
1787647,Nathercia Teixeira
1787640,Renato (10)
2036997,José António
553678,Bidinho
4252098,Duo Moviola
1865690,José Olissan
1865691,Rey Zulu
4252097,Douglas Germano
711819,Nelson Jacobina
4591327,Fernando Camargo
2687603,Cosme De Oliveira
3758867,Arthur Lopes
1726304,Molejo
4591325,Alexandre Popó
988315,L.C. Coutinho
988314,Julinho
988317,Os Reis Do Batuque
988316,Geraldo (6)
988313,Anibal
4076353,Foca
69621,Tom Scott
257969,Walter Rosa
257968,Geraldo Vespar
401260,Antonio Fernandes
4591320,Hamilton Faria
257966,Wilson das Neves
257965,Humberto Garin
257964,Neco
3898813,Moacyr Machado Gomes
1301978,Z. J. Merky
1301979,Lyrio Panicali
276888,Larry Levine
4553715,Alex Medeiros
138861,Deborah McDuffie
656948,Sandro Haick
1424912,Sandrinho
315800,Thiago De Mello
4591329,Glauco Masahiro Imasato
4585731,Cláudio de Luna
1302777,Marcelo Fróes
3718912,Arnaldo Luis
1604780,Yara Vidal
713887,Mac William
300303,Gracinha Leporace
1656885,Lilian Carmona
1669990,Clube Da Miragem
1656883,Beto De Oliveira
4477515,Carlos Modesto
309499,Olodum
3718911,Sidney Matos
1097608,Jacare
2832994,Jorge Gambler
3558786,Maestro Cipó
4156906,Áurea Martins
1904796,Aluizio Falcão
1757959,Rio 3
1757958,Bill Horne
1290065,Jessé Sadoc
1625837,Rogério Skylab
2271946,Lêka Coutinho
1675467,Roberta Sá
1625832,Thiago Martins
2271945,Lincoln (8)
1635633,Amaro Biano
1635632,Gilberto Biano
163383,William
1635630,Josê Biano
4311795,Anescarzinho Do Salgueiro
2060185,Waldir Silva
260616,Tony Coe
3046516,Dennis Lichtman
3046517,Dani Luppi
3046518,Adriano Santos
3046519,Rubens Nogueira
665109,Walter Santos
808505,Marfa
2152359,João Melo (5)
2152358,Maria Rosita Salgado Góes
4508583,João Gevaerd
4508582,Filipe Bohlke
596526,Helvius Vilela
4508584,Didier Fernan
10616,Jaco Pastorius
1096644,Leandro Sapucahy
1096642,Layse Sapucahy
2152357,Conjunto Folclórico da Bahia
1096640,David Chew
380018,Da Lua
947504,Maysa Matarazzo
290448,Antonia Rodriguez
380012,Eduardo Pereira
1913938,João Araujo
2027128,Braz Limongi
3381909,Thiago Amorim
403387,Negritude Junior
142047,Kenny Wheeler
3083955,Stockler De Moraes
4481700,Mauro Ferreira
884455,Fabio Fonseca Trio
3599566,Saul Barbosa
3567306,Cristiane Feris
487414,Roy Willox
596555,Primo Jr.
736514,Olmir Stocker
636578,Edeneck Svab
1096648,Ronaldo Barcellos
674142,Roberto Ribeiro
636574,Sergio Rocha
636570,Elizabeth Jobim
4081622,Kiko Miranda
251579,Liza Strike
437455,Gustavo Lenza
1630453,Rodrigo Barba
414901,Esperanza Spalding
584005,Gustavo de Dalva
1610544,Joaquim Figueira
1610545,Orquestra Som Bateau
1675135,Antônio Villeroy
906218,Miriam Webster
906219,Peter Hart (3)
265146,Marcos Vinicius
906212,Jonno Louwrens
906213,Igor Fedotov
1354628,Tavinho Moura
4088116,Nadir Ribeiro
906216,Paul Iannuzzelli
2067212,Moacyr Silva
2067211,Waldir Calmon
906215,Luke Munns
1683783,Claribalte Passos
3679030,Lecio
1852171,Ana Rita Fernandes
1852170,Eliane Stephan
1683784,Denis Brean
3029507,Oswaldo Micheloni
1836301,Marçalzinho
1332728,Sebastião C. Biano
2595347,Samba Livre
2595831,Mércia
1164734,Raul Marques (2)
1122878,José Paulo Soares
849045,Pepe (9)
849044,Max Guimarães
89632,Paulo Jobim
849040,Rogerinho
2695496,Sérgio Liuzzi
3662900,Daisy Cordeiro
849049,Beto Lima
849048,Léo Garrido
1921095,Subtle Rukus (2)
1940381,Jose Xavier
62065,Robertinho Silva
364779,Pedro Paulo
940557,Côro Misto
1265023,Ney Conceicao
3474535,Osmar Zandomenigui
3391904,Glaucio E Lincoln
3391905,João Stélio
4128646,Ariovaldo Dos Santos
229176,Larry Williams
187764,Cedric Beatty
570114,Ivete Sangalo
3131101,Brian Houston (3)
447685,Agostinho Dos Santos
1914053,Juca Mestre E Seus Brasilieros
3414717,Óskar Sjöstedt
3414716,Mark Iso
751465,Carlos Villaca
2011592,Cícero Assis
709814,Germano Mathias
751464,Memeu
1891804,Estevão Casé
751463,Pacote Do Pelô
1891801,Eduardo Manso
1891802,Bruno Di Lullo
751462,Ito (3)
728044,Daúde
1880325,Carlos Castillo (2)
4322536,Homero França
3561212,Duncan Ballantyne
2076090,Melchior Abeille M/P/Y
869369,Roland Schwarz
706761,Beto Cazes
644006,Chico Buarque De Hollanda
355715,Nelson Angelo
706765,Felippe Llerena
355717,Meireles E Sua Orquestra
548677,Eliana Pittman
706768,Tuca
706769,Mário Lago
4599702,Felipe Vassao
3245592,Aldo Taranto
301879,Mayrton Bahia
1376097,Enock (3)
3833018,Antônio De Souza
2115419,Hermeto Pascoal E Grupo
3959396,Moacyr Peixoto
722292,Jorge Ferreira
722293,Luciano Alves
722291,José Araujo
978059,Cacaso
722294,Didi Gomes
722295,Formiga
1354059,Marcelo Pizzotti
3892922,Carlinhos De Jesus
1209197,Chico Amaral
2514470,Gentinmente Cedida
3777257,Ana Paula Guinle
2072064,Eduardo Gudin
2511982,Antonio Guerreiro
1867734,Octavio Burnier
4271719,Chico (57)
2445787,Marcio André
256802,Bart Chiate
1428674,Jair do Cavaquinho
3198680,Manoel Cardoso
380025,Marcelo Mariano
4307508,Aldemar Paiva
2183229,César Farias
1989258,Julio Barroso
2371690,Os Tincoãs
559968,Léo Monteiro
2184794,Moisés Tristão
1366893,Jackson (13)
1366894,Jorge Correa
2184793,Clayton Tristão
2184790,Eduardo Santanna
1366897,D'Orey
2547735,Georgette (4)
732868,Meira
732869,Dininho
1621235,Vicente De Paula Salvia
732867,Elizeu
562100,Ana Paula Valadão
562101,Diante Do Trono
1055698,Carlos Piriz
733020,Cristina Braga
4165194,Milton Lima
360709,Nestor Madrid
3764520,"Rodrigo ""Digão"" Braz"
3764521,Franco Lorenzon
355,Unknown Artist
3764523,Mente Clara
3764524,Fabricio Gomes
393411,Francis Hime
3764526,César Roversi
3764527,Fábio Leal
3764528,Manuella Cavalaro
4437729,Luiz Fernando (3)
343584,Günther Gebauer
2445788,Thais Gulin
276459,Alan Ward
406613,Eustáquio Sena
556838,Magro
391940,Banda Mel
1036883,Hiromi Konishi
3849116,Ricardo Soares
279294,Phil Ault
3013801,João Marcos
2345109,Claudio Cambé
665108,Luiz Chaves
3472252,Rita de Cássia Trindade
707174,Elifas Andreato
2097032,Celio Martins Somil
1228702,Paulo Debétio
3075162,Jovem Braza
1731597,João Pinheiro (2)
965267,T. Oliveira
3031156,Messias Santos Jr.
465367,Maria Bethânia
3031154,Décio Fonsi
3031155,Ely Bontempo
3787846,Amilcar Rodrigues
576697,Max Pierre
486343,José Miguel Wisnik
486341,Jorge Amado
465369,Fábio Fonseca
2246117,Leandro Lehart
4585727,Armando Palla
320793,Roberto Silva
325319,Geoff Stradling
536776,Claudio Stevenson
536774,Jorjao
320796,Wagner Tiso
505577,Bernie Brocks
1231305,J. Morell
959579,Reginaldo Bessa
878625,Manoel
2632429,Miltinho (2)
3646225,Andrea Dutra
3764966,Marcos Zama
3041769,Moacyr Machado
1808016,Edil Pacheco
3646226,Karla Goulart
981339,Zé Bodega
3646227,Heitor Goulart
3436980,Bertrand Doussain
588990,Paulo Guimaraes
2644579,Alexandre Caldi
4508581,Adelson Viana
1240689,João Luzze
3240176,Pedrinho Da Flor
3294045,Carlos Augusto
3046522,Edu Salmaso
154396,Jorge Antunes
4508585,João Linhares
311945,Joel Moss
2856882,Fabiana Cozza
2980777,Pedrinho Miranda
3060402,Rubén Jiménez
2849980,Edy Trombone
2720197,Nana Moraes
1635624,Benedito Biano
52490,Mal Luker
1635626,Paulo Roberto Jurazo
2060178,Marcelo Falcão (2)
1635628,Jose Milton
2060175,Pissarenko
451003,Ana Maria
2060173,Evaldo
1368488,Codó
1555188,Belva Reed
185693,Luiz Carlos Maluly
2399342,Pedrinho Rodrigues
185697,Mariozinho Rocha
185696,Pepeu Gomes
3046524,Dani Turcheto
3046521,João Erbetta
3046520,Marcelo Effori
3046523,Juliano Beccari
3046830,José Paulo (2)
917895,Ariovaldo Contesini
1096658,Marcos Arcanjo
704855,Abel Silva
1096657,Camilo Mariano
3925103,Gerson King
476071,Troy Halderson
1096653,Carlinhos 7 Cordas
4144168,Adolpho Pissarenko
185704,Simone (3)
2209447,Vânia Bastos
27986,Sérgio Mendes
57958,Paula Lima
269211,Larry Coryell
704853,José Maria De Abreu
3282628,Antônio Giannetti
4582988,Ricardo (64)
3742304,Mara Fontoura
2661466,Sérgio Porto
3742301,Alvaro Ramos (2)
1914136,Roberto Sondré
3742303,Gabriel Schwartz
3742308,Davi Sartori
3271909,Ary Silva
1242056,Paulo Gracindo
2526291,Vera Roesler
2762948,Aizik
1028266,Geraldo (7)
3924218,Adair Daufembach
204416,Steve Hall
371699,Neno
1679458,Gera Samba
1029683,Risadinha
363881,Bimbo
4469426,Olavo Bianco
906209,Ross Peacock
906208,Holly Dawson
4163656,Banda Do Mar
906201,Lucy Fisher
415444,Rodrigo Campos
906203,Paul Andrew
3682670,Pitomba
3682677,Toledo (4)
3726541,Daryan Dornelles
766812,Zé Keti
906206,Erica Crocker
906199,Gilbert Clarke
1725308,Cristina Cruz
1852166,Sónia Benite
1852167,Henrique Cruz
1852164,Luiz Garcia
1852165,Victor Oliveira
4543962,Carlos Silva e Souza
1852168,Ruy Castro
1852169,Carolina Lusser
906197,Peter Wallis
4570284,Luizinho Taj Mahal
380007,Tiago Costa
2718516,Tom Craig (3)
1488409,Ricardo Moreira
380009,Maria Rita
3692587,Armando Monteiro
347169,Dan Porter
3700512,Bette Kalache
601404,João De Aquino
3763183,Sérgio Frigério
545378,José Afonso
4429440,Antonio Luis Mendes
398762,Adoniran Barbosa
2209541,Settimo Paioletti
676014,Plinio Chiesa
2710521,Valéria Oliveira
1176211,Daniele Patucchi Orchestra
3757372,Maestro Zaccarias
905974,Sergio Lemke
905975,Waldemiro Lemke
1914048,Juca Mestre
487994,Reginaldo Vargas
3169779,Cácia Scudino
333742,Swifty
2011580,Roseval Evangelista
3431724,Hildebrando De Castro
782523,Felipe Nery
2602017,Olivier Perroy
2024254,Jose Paulo
548676,Luiz Wagner
896163,Jorge Faini
851356,Orquestra Imperial
548675,Nelsinho
1883810,Francisco Pupo
896167,João Daltro De Almeida
896165,Alfredo Vidal
774281,Pixinguinha
1630487,Dodô De Moraes
3573643,Luciane Ribeiro
355729,Trio Esperança
706775,Aldo Cabral
110829,Guto
2727779,Ari Sperling
1193541,Jose Botelho
706771,Benedito Lacerda
1630488,Daniel Vasques
252040,Rick Bonadio
1402468,Plínio Araújo
1402469,Caboclinho
722287,Ademilde Fonseca
722286,Lucio Rodrigues
704854,Beti Niemeyer
722288,Jorginho Gomes
704856,Francisco Mattoso
317190,Mauricio Maestro
1402465,Ary Perdigão
4610879,Cristovão Rodrigues
3234411,Cia de Áudio
216815,César Camargo Mariano
751148,Tuzé De Abreu
2030317,Prosperi
2360540,Wesley Duke Lee
2621837,José Homero
2564882,Fabiola (6)
3788149,Paulinho Mocidade
4255225,Os Anjos Do Sol
4204569,Vergara
2633602,Delia Fischer
898251,Nicolas Krassik
3980730,Arthur Nobre
